#
# There is insufficient memory for the Java Runtime Environment to continue.
# Native memory allocation (mmap) failed to map 5062656 bytes. Error detail: G1 virtual space
# Possible reasons:
#   The system is out of physical RAM or swap space
#   This process is running with CompressedOops enabled, and the Java Heap may be blocking the growth of the native heap
# Possible solutions:
#   Reduce memory load on the system
#   Increase physical memory or swap space
#   Check if swap backing store is full
#   Decrease Java heap size (-Xmx/-Xms)
#   Decrease number of Java threads
#   Decrease Java thread stack sizes (-Xss)
#   Set larger code cache with -XX:ReservedCodeCacheSize=
#   JVM is running with Unscaled Compressed Oops mode in which the Java heap is
#     placed in the first 4GB address space. The Java Heap base address is the
#     maximum limit for the native heap growth. Please use -XX:HeapBaseMinAddress
#     to set the Java Heap base and to place the Java Heap above 4GB virtual address.
# This output file may be truncated or incomplete.
#
#  Out of Memory Error (os_windows.cpp:3766), pid=11464, tid=17244
#
# JRE version: OpenJDK Runtime Environment (25.0.3) (build 25.0.3+-15898627-b508.16)
# Java VM: OpenJDK 64-Bit Server VM (25.0.3+-15898627-b508.16, mixed mode, tiered, compressed oops, compressed class ptrs, g1 gc, windows-amd64)
# No core dump will be written. Minidumps are not enabled by default on client versions of Windows
#

---------------  S U M M A R Y ------------

Command Line: --add-opens=java.base/java.lang=ALL-UNNAMED --add-opens=java.base/java.lang.invoke=ALL-UNNAMED --add-opens=java.base/java.util=ALL-UNNAMED --add-opens=java.prefs/java.util.prefs=ALL-UNNAMED --add-exports=jdk.compiler/com.sun.tools.javac.api=ALL-UNNAMED --add-exports=jdk.compiler/com.sun.tools.javac.util=ALL-UNNAMED --add-opens=java.base/java.nio.charset=ALL-UNNAMED --add-opens=java.base/java.net=ALL-UNNAMED --add-opens=java.base/java.util.concurrent=ALL-UNNAMED --add-opens=java.base/java.util.concurrent.atomic=ALL-UNNAMED --add-opens=java.xml/javax.xml.namespace=ALL-UNNAMED --add-opens=java.base/java.time=ALL-UNNAMED --enable-native-access=ALL-UNNAMED -Xmx2048m -Dfile.encoding=UTF-8 -Duser.country=ZA -Duser.language=en -Duser.variant -javaagent:C:\Users\NTHABISENG\.gradle\wrapper\dists\gradle-9.6.0-bin\42k10rwplmzkhuboz9kdazi7s\gradle-9.6.0\lib\agents\gradle-instrumentation-agent-9.6.0.jar org.gradle.launcher.daemon.bootstrap.GradleDaemon 9.6.0

Host: AMD 3020e with Radeon Graphics                 , 2 cores, 3G,  Windows 11 , 64 bit Build 26100 (10.0.26100.9444)
Time: Mon Sep 14 15:30:16 2026 South Africa Standard Time elapsed time: 1288.202020 seconds (0d 0h 21m 28s)

---------------  T H R E A D  ---------------

Current thread (0x00000237b3d5e570):  VMThread "VM Thread"          [id=17244, stack(0x0000005daaf00000,0x0000005dab000000) (1024K)]

Stack: [0x0000005daaf00000,0x0000005dab000000]
Native frames: (J=compiled Java code, j=interpreted, Vv=VM code, C=native code)
V  [jvm.dll+0x7bf039]  (no source info available)
V  [jvm.dll+0x78912d]  (no source info available)
V  [jvm.dll+0xa0e615]  (no source info available)
V  [jvm.dll+0xa10c94]  (no source info available)
V  [jvm.dll+0xa11393]  (no source info available)
V  [jvm.dll+0x30a116]  (no source info available)
V  [jvm.dll+0x7bb145]  (no source info available)
V  [jvm.dll+0x7adc17]  (no source info available)
V  [jvm.dll+0x3fea3b]  (no source info available)
V  [jvm.dll+0x406bf6]  (no source info available)
V  [jvm.dll+0x3f30bb]  (no source info available)
V  [jvm.dll+0x3f3388]  (no source info available)
V  [jvm.dll+0x3c8622]  (no source info available)
V  [jvm.dll+0x3c86ba]  (no source info available)
V  [jvm.dll+0x417e60]  (no source info available)
V  [jvm.dll+0x416781]  (no source info available)
V  [jvm.dll+0x3c7d57]  (no source info available)
V  [jvm.dll+0x415bbf]  (no source info available)
V  [jvm.dll+0xa1765a]  (no source info available)
V  [jvm.dll+0xa18961]  (no source info available)
V  [jvm.dll+0xa18ed8]  (no source info available)
V  [jvm.dll+0xa19163]  (no source info available)
V  [jvm.dll+0x9ad738]  (no source info available)
V  [jvm.dll+0x7bd585]  (no source info available)
C  [ucrtbase.dll+0x2cd30]  (no source info available)
C  [KERNEL32.DLL+0x2cd87]  (no source info available)
C  [ntdll.dll+0xacaec]  (no source info available)

VM_Operation (0x0000005dac1ee968): G1CollectForAllocation, mode: safepoint, requested by thread 0x00000237d0465020


---------------  P R O C E S S  ---------------

Threads class SMR info:
_java_thread_list=0x00000237d2f73950, length=38, elements={
0x00000237b3c9d830, 0x00000237cab07470, 0x00000237cab27ec0, 0x00000237cab299f0,
0x00000237cab36e60, 0x00000237cab37f30, 0x00000237cab538c0, 0x00000237cab56090,
0x00000237cab56f80, 0x00000237cab40850, 0x00000237cf3086a0, 0x00000237d1cfea00,
0x00000237d1e578d0, 0x00000237d1fd85b0, 0x00000237d1fba390, 0x00000237d1de8260,
0x00000237d0f3e5d0, 0x00000237d0465020, 0x00000237d0465fc0, 0x00000237d0464850,
0x00000237d04630e0, 0x00000237d0464080, 0x00000237d0467f00, 0x00000237d0469670,
0x00000237d20612a0, 0x00000237d2061a70, 0x00000237d2067060, 0x00000237d2067830,
0x00000237d20660c0, 0x00000237d2064950, 0x00000237d2b4b390, 0x00000237d2b4a3f0,
0x00000237d2b4abc0, 0x00000237d2b4c330, 0x00000237d386a810, 0x00000237d386bf80,
0x00000237d1058fa0, 0x00000237d3869870
}

Java Threads: ( => current thread )
  0x00000237b3c9d830 JavaThread "main"                              [_thread_blocked, id=5044, stack(0x0000005daa800000,0x0000005daa900000) (1024K)]
  0x00000237cab07470 JavaThread "Common-Cleaner"             daemon [_thread_blocked, id=16956, stack(0x0000005dab000000,0x0000005dab100000) (1024K)]
  0x00000237cab27ec0 JavaThread "Reference Handler"          daemon [_thread_blocked, id=16940, stack(0x0000005dab100000,0x0000005dab200000) (1024K)]
  0x00000237cab299f0 JavaThread "Finalizer"                  daemon [_thread_blocked, id=13452, stack(0x0000005dab200000,0x0000005dab300000) (1024K)]
  0x00000237cab36e60 JavaThread "Signal Dispatcher"          daemon [_thread_blocked, id=10276, stack(0x0000005dab300000,0x0000005dab400000) (1024K)]
  0x00000237cab37f30 JavaThread "Attach Listener"            daemon [_thread_blocked, id=13812, stack(0x0000005dab400000,0x0000005dab500000) (1024K)]
  0x00000237cab538c0 JavaThread "Service Thread"             daemon [_thread_blocked, id=14368, stack(0x0000005dab500000,0x0000005dab600000) (1024K)]
  0x00000237cab56090 JavaThread "Monitor Deflation Thread"   daemon [_thread_blocked, id=11404, stack(0x0000005dab600000,0x0000005dab700000) (1024K)]
  0x00000237cab56f80 JavaThread "C2 CompilerThread0"         daemon [_thread_blocked, id=16840, stack(0x0000005dab700000,0x0000005dab800000) (1024K)]
  0x00000237cab40850 JavaThread "C1 CompilerThread0"         daemon [_thread_blocked, id=19032, stack(0x0000005dab800000,0x0000005dab900000) (1024K)]
  0x00000237cf3086a0 JavaThread "Notification Thread"        daemon [_thread_blocked, id=13712, stack(0x0000005dab900000,0x0000005daba00000) (1024K)]
  0x00000237d1cfea00 JavaThread "Daemon health stats"               [_thread_blocked, id=15728, stack(0x0000005dabb00000,0x0000005dabc00000) (1024K)]
  0x00000237d1e578d0 JavaThread "Incoming local TCP Connector on port 52139"        [_thread_in_native, id=15952, stack(0x0000005dabc00000,0x0000005dabd00000) (1024K)]
  0x00000237d1fd85b0 JavaThread "Daemon periodic checks"            [_thread_blocked, id=2104, stack(0x0000005dabd00000,0x0000005dabe00000) (1024K)]
  0x00000237d1fba390 JavaThread "Daemon"                            [_thread_blocked, id=19304, stack(0x0000005dabe00000,0x0000005dabf00000) (1024K)]
  0x00000237d1de8260 JavaThread "Handler for socket connection from /127.0.0.1:52139 to /127.0.0.1:52140"        [_thread_in_native, id=18208, stack(0x0000005dabf00000,0x0000005dac000000) (1024K)]
  0x00000237d0f3e5d0 JavaThread "Cancel handler"                    [_thread_blocked, id=16488, stack(0x0000005dac000000,0x0000005dac100000) (1024K)]
  0x00000237d0465020 JavaThread "Daemon worker"                     [_thread_blocked, id=15860, stack(0x0000005dac100000,0x0000005dac200000) (1024K)]
  0x00000237d0465fc0 JavaThread "Asynchronous log dispatcher for DefaultDaemonConnection: socket connection from /127.0.0.1:52139 to /127.0.0.1:52140"        [_thread_blocked, id=17448, stack(0x0000005dac200000,0x0000005dac300000) (1024K)]
  0x00000237d0464850 JavaThread "Stdin handler"                     [_thread_blocked, id=18164, stack(0x0000005dac300000,0x0000005dac400000) (1024K)]
  0x00000237d04630e0 JavaThread "Daemon client event forwarder"        [_thread_blocked, id=13596, stack(0x0000005dac400000,0x0000005dac500000) (1024K)]
  0x00000237d0464080 JavaThread "Cache worker for journal cache (C:\Users\NTHABISENG\.gradle\caches\journal-1)"        [_thread_blocked, id=17628, stack(0x0000005dac500000,0x0000005dac600000) (1024K)]
  0x00000237d0467f00 JavaThread "File lock request listener"        [_thread_in_native, id=19036, stack(0x0000005dac600000,0x0000005dac700000) (1024K)]
  0x00000237d0469670 JavaThread "Cache worker for file hash cache (C:\Users\NTHABISENG\.gradle\caches\9.6.0\fileHashes)"        [_thread_blocked, id=9708, stack(0x0000005dac700000,0x0000005dac800000) (1024K)]
  0x00000237d20612a0 JavaThread "Cache worker for file hash cache (C:\Users\NTHABISENG\AndroidStudioProjects\SmartPantryManager6\.gradle\9.6.0\fileHashes)"        [_thread_blocked, id=16952, stack(0x0000005daa600000,0x0000005daa700000) (1024K)]
  0x00000237d2061a70 JavaThread "Cache worker for Build Output Cleanup Cache (C:\Users\NTHABISENG\AndroidStudioProjects\SmartPantryManager6\.gradle\buildOutputCleanup)"        [_thread_blocked, id=17260, stack(0x0000005daa700000,0x0000005daa800000) (1024K)]
  0x00000237d2067060 JavaThread "File watcher server"        daemon [_thread_in_native, id=1424, stack(0x0000005daca00000,0x0000005dacb00000) (1024K)]
  0x00000237d2067830 JavaThread "File watcher consumer"      daemon [_thread_blocked, id=17504, stack(0x0000005dacb00000,0x0000005dacc00000) (1024K)]
  0x00000237d20660c0 JavaThread "jar transforms"                    [_thread_blocked, id=11016, stack(0x0000005dacc00000,0x0000005dacd00000) (1024K)]
  0x00000237d2064950 JavaThread "jar transforms Thread 2"           [_thread_blocked, id=16404, stack(0x0000005dacd00000,0x0000005dace00000) (1024K)]
  0x00000237d2b4b390 JavaThread "Cache worker for file content cache (C:\Users\NTHABISENG\.gradle\caches\9.6.0\fileContent)"        [_thread_blocked, id=18676, stack(0x0000005dace00000,0x0000005dacf00000) (1024K)]
  0x00000237d2b4a3f0 JavaThread "Cache worker for checksums cache (C:\Users\NTHABISENG\AndroidStudioProjects\SmartPantryManager6\.gradle\9.6.0\checksums)"        [_thread_blocked, id=14756, stack(0x0000005dacf00000,0x0000005dad000000) (1024K)]
  0x00000237d2b4abc0 JavaThread "Cache worker for cache directory md-supplier (C:\Users\NTHABISENG\.gradle\caches\9.6.0\md-supplier)"        [_thread_blocked, id=16768, stack(0x0000005dad000000,0x0000005dad100000) (1024K)]
  0x00000237d2b4c330 JavaThread "Cache worker for cache directory md-rule (C:\Users\NTHABISENG\.gradle\caches\9.6.0\md-rule)"        [_thread_blocked, id=15620, stack(0x0000005dad100000,0x0000005dad200000) (1024K)]
  0x00000237d386a810 JavaThread "Build operations"                  [_thread_blocked, id=16524, stack(0x0000005dad200000,0x0000005dad300000) (1024K)]
  0x00000237d386bf80 JavaThread "Build operations Thread 2"         [_thread_blocked, id=18296, stack(0x0000005dad300000,0x0000005dad400000) (1024K)]
  0x00000237d1058fa0 JavaThread "Memory manager"                    [_thread_blocked, id=7536, stack(0x0000005dac900000,0x0000005daca00000) (1024K)]
  0x00000237d3869870 JavaThread "Kotlin DSL Writer"                 [_thread_blocked, id=14900, stack(0x0000005dac800000,0x0000005dac900000) (1024K)]
Total: 38

Other Threads:
=>0x00000237b3d5e570 VMThread "VM Thread"                           [id=17244, stack(0x0000005daaf00000,0x0000005dab000000) (1024K)]
  0x00000237caabb0d0 WatcherThread "VM Periodic Task Thread"        [id=19288, stack(0x0000005daae00000,0x0000005daaf00000) (1024K)]
  0x00000237b3cfc130 WorkerThread "GC Thread#0"                     [id=16916, stack(0x0000005daa900000,0x0000005daaa00000) (1024K)]
  0x00000237cf022ec0 WorkerThread "GC Thread#1"                     [id=16884, stack(0x0000005daba00000,0x0000005dabb00000) (1024K)]
  0x00000237b3d15200 ConcurrentGCThread "G1 Main Marker"            [id=7364, stack(0x0000005daaa00000,0x0000005daab00000) (1024K)]
  0x00000237b3d16c80 WorkerThread "G1 Conc#0"                       [id=3852, stack(0x0000005daab00000,0x0000005daac00000) (1024K)]
  0x00000237b3d2e4b0 ConcurrentGCThread "G1 Refine#0"               [id=1940, stack(0x0000005daac00000,0x0000005daad00000) (1024K)]
  0x00000237b3d2ff00 ConcurrentGCThread "G1 Service"                [id=18964, stack(0x0000005daad00000,0x0000005daae00000) (1024K)]
Total: 8

Threads with active compile tasks:
Total: 0

VM state: at safepoint (normal execution)

VM Mutex/Monitor currently owned by a thread:  ([mutex/lock_event])
[0x00007ffad8df7928] Threads_lock - owner thread: 0x00000237b3d5e570
[0x00007ffad8df7aa8] Heap_lock - owner thread: 0x00000237d0465020

Heap address: 0x0000000080000000, size: 2048 MB, Compressed Oops mode: 32-bit

CDS archive(s) not mapped
Compressed class space mapped at: 0x0000000016000000-0x0000000056000000, reserved size: 1073741824
UseCompressedClassPointers 1, UseCompactObjectHeaders 0
Narrow klass pointer bits 32, Max shift 3
Narrow klass base: 0x0000000000000000, Narrow klass shift: 0
Encoding Range: [0x0000000000000000 - 0x0000000100000000), (4294967296 bytes)
Klass Range:    [0x0000000016000000 - 0x0000000056000000), (1073741824 bytes)
Klass ID Range:  [369098752 - 1442840569) (1073741817)
No protection zone.

GC Precious Log:
 CardTable entry size: 512
 Card Set container configuration: InlinePtr #cards 5 size 8 Array Of Cards #cards 10 size 36 Howl #buckets 4 coarsen threshold 1843 Howl Bitmap #cards 512 size 80 coarsen threshold 460 Card regions per heap region 1 cards per card region 2048
 CPUs: 2 total, 2 available
 Memory: 3499M
 Large Page Support: Disabled
 NUMA Support: Disabled
 Compressed Oops: Enabled (32-bit)
 Heap Region Size: 1M
 Heap Min Capacity: 8M
 Heap Initial Capacity: 56M
 Heap Max Capacity: 2G
 Pre-touch: Disabled
 Parallel Workers: 2
 Concurrent Workers: 1
 Concurrent Refinement Workers: 2
 Periodic GC: Disabled

Heap:
 garbage-first heap   total reserved 2097152K, committed 355328K, used 186368K [0x0000000080000000, 0x0000000100000000)
  region size 1024K, 4 young (4096K), 4 survivors (4096K)

Heap Regions: E=young(eden), S=young(survivor), O=old, HS=humongous(starts), HC=humongous(continues), CS=collection set, F=free, TAMS=top-at-mark-start, PB=parsable bottom
|   0|0x0000000080000000, 0x0000000080100000, 0x0000000080100000|100%|HS|  |TAMS 0x0000000080000000| PB 0x0000000080000000| Complete |  0
|   1|0x0000000080100000, 0x0000000080200000, 0x0000000080200000|100%|HC|  |TAMS 0x0000000080100000| PB 0x0000000080100000| Complete |  0
|   2|0x0000000080200000, 0x0000000080300000, 0x0000000080300000|100%|HC|  |TAMS 0x0000000080200000| PB 0x0000000080200000| Complete |  0
|   3|0x0000000080300000, 0x0000000080400000, 0x0000000080400000|100%|HC|  |TAMS 0x0000000080300000| PB 0x0000000080300000| Complete |  0
|   4|0x0000000080400000, 0x0000000080500000, 0x0000000080500000|100%| O|  |TAMS 0x0000000080400000| PB 0x0000000080400000| Untracked |  0
|   5|0x0000000080500000, 0x0000000080600000, 0x0000000080600000|100%| O|  |TAMS 0x0000000080500000| PB 0x0000000080500000| Untracked |  0
|   6|0x0000000080600000, 0x0000000080700000, 0x0000000080700000|100%| O|  |TAMS 0x0000000080600000| PB 0x0000000080600000| Untracked |  0
|   7|0x0000000080700000, 0x0000000080800000, 0x0000000080800000|100%| O|  |TAMS 0x0000000080700000| PB 0x0000000080700000| Untracked |  0
|   8|0x0000000080800000, 0x0000000080900000, 0x0000000080900000|100%|HS|  |TAMS 0x0000000080800000| PB 0x0000000080800000| Complete |  0
|   9|0x0000000080900000, 0x0000000080a00000, 0x0000000080a00000|100%| O|  |TAMS 0x0000000080900000| PB 0x0000000080900000| Untracked |  0
|  10|0x0000000080a00000, 0x0000000080b00000, 0x0000000080b00000|100%| O|  |TAMS 0x0000000080a00000| PB 0x0000000080a00000| Untracked |  0
|  11|0x0000000080b00000, 0x0000000080c00000, 0x0000000080c00000|100%| O|  |TAMS 0x0000000080b00000| PB 0x0000000080b00000| Untracked |  0
|  12|0x0000000080c00000, 0x0000000080d00000, 0x0000000080d00000|100%| O|  |TAMS 0x0000000080c00000| PB 0x0000000080c00000| Untracked |  0
|  13|0x0000000080d00000, 0x0000000080e00000, 0x0000000080e00000|100%| O|  |TAMS 0x0000000080d00000| PB 0x0000000080d00000| Untracked |  0
|  14|0x0000000080e00000, 0x0000000080f00000, 0x0000000080f00000|100%| O|  |TAMS 0x0000000080e00000| PB 0x0000000080e00000| Untracked |  0
|  15|0x0000000080f00000, 0x0000000081000000, 0x0000000081000000|100%| O|  |TAMS 0x0000000080f00000| PB 0x0000000080f00000| Untracked |  0
|  16|0x0000000081000000, 0x0000000081100000, 0x0000000081100000|100%| O|  |TAMS 0x0000000081000000| PB 0x0000000081000000| Untracked |  0
|  17|0x0000000081100000, 0x0000000081200000, 0x0000000081200000|100%| O|  |TAMS 0x0000000081100000| PB 0x0000000081100000| Untracked |  0
|  18|0x0000000081200000, 0x0000000081300000, 0x0000000081300000|100%| O|  |TAMS 0x0000000081200000| PB 0x0000000081200000| Untracked |  0
|  19|0x0000000081300000, 0x0000000081400000, 0x0000000081400000|100%| O|  |TAMS 0x0000000081300000| PB 0x0000000081300000| Untracked |  0
|  20|0x0000000081400000, 0x0000000081500000, 0x0000000081500000|100%| O|  |TAMS 0x0000000081400000| PB 0x0000000081400000| Untracked |  0
|  21|0x0000000081500000, 0x0000000081600000, 0x0000000081600000|100%| O|  |TAMS 0x0000000081500000| PB 0x0000000081500000| Untracked |  0
|  22|0x0000000081600000, 0x0000000081700000, 0x0000000081700000|100%| O|  |TAMS 0x0000000081600000| PB 0x0000000081600000| Untracked |  0
|  23|0x0000000081700000, 0x0000000081800000, 0x0000000081800000|100%| O|  |TAMS 0x0000000081700000| PB 0x0000000081700000| Untracked |  0
|  24|0x0000000081800000, 0x0000000081900000, 0x0000000081900000|100%| O|  |TAMS 0x0000000081800000| PB 0x0000000081800000| Untracked |  0
|  25|0x0000000081900000, 0x0000000081a00000, 0x0000000081a00000|100%| O|  |TAMS 0x0000000081900000| PB 0x0000000081900000| Untracked |  0
|  26|0x0000000081a00000, 0x0000000081b00000, 0x0000000081b00000|100%| O|  |TAMS 0x0000000081a00000| PB 0x0000000081a00000| Untracked |  0
|  27|0x0000000081b00000, 0x0000000081c00000, 0x0000000081c00000|100%|HS|  |TAMS 0x0000000081b00000| PB 0x0000000081b00000| Complete |  0
|  28|0x0000000081c00000, 0x0000000081d00000, 0x0000000081d00000|100%|HC|  |TAMS 0x0000000081c00000| PB 0x0000000081c00000| Complete |  0
|  29|0x0000000081d00000, 0x0000000081e00000, 0x0000000081e00000|100%|HC|  |TAMS 0x0000000081d00000| PB 0x0000000081d00000| Complete |  0
|  30|0x0000000081e00000, 0x0000000081f00000, 0x0000000081f00000|100%|HC|  |TAMS 0x0000000081e00000| PB 0x0000000081e00000| Complete |  0
|  31|0x0000000081f00000, 0x0000000082000000, 0x0000000082000000|100%|HC|  |TAMS 0x0000000081f00000| PB 0x0000000081f00000| Complete |  0
|  32|0x0000000082000000, 0x0000000082100000, 0x0000000082100000|100%|HC|  |TAMS 0x0000000082000000| PB 0x0000000082000000| Complete |  0
|  33|0x0000000082100000, 0x0000000082200000, 0x0000000082200000|100%|HS|  |TAMS 0x0000000082100000| PB 0x0000000082100000| Complete |  0
|  34|0x0000000082200000, 0x0000000082300000, 0x0000000082300000|100%|HS|  |TAMS 0x0000000082200000| PB 0x0000000082200000| Complete |  0
|  35|0x0000000082300000, 0x0000000082400000, 0x0000000082400000|100%| O|  |TAMS 0x0000000082300000| PB 0x0000000082300000| Untracked |  0
|  36|0x0000000082400000, 0x0000000082500000, 0x0000000082500000|100%| O|  |TAMS 0x0000000082400000| PB 0x0000000082400000| Untracked |  0
|  37|0x0000000082500000, 0x0000000082600000, 0x0000000082600000|100%| O|  |TAMS 0x0000000082500000| PB 0x0000000082500000| Untracked |  0
|  38|0x0000000082600000, 0x0000000082700000, 0x0000000082700000|100%|HS|  |TAMS 0x0000000082600000| PB 0x0000000082600000| Complete |  0
|  39|0x0000000082700000, 0x0000000082800000, 0x0000000082800000|100%| O|  |TAMS 0x0000000082700000| PB 0x0000000082700000| Untracked |  0
|  40|0x0000000082800000, 0x0000000082900000, 0x0000000082900000|100%| O|  |TAMS 0x0000000082800000| PB 0x0000000082800000| Untracked |  0
|  41|0x0000000082900000, 0x0000000082a00000, 0x0000000082a00000|100%| O|  |TAMS 0x0000000082900000| PB 0x0000000082900000| Untracked |  0
|  42|0x0000000082a00000, 0x0000000082b00000, 0x0000000082b00000|100%| O|  |TAMS 0x0000000082a00000| PB 0x0000000082a00000| Untracked |  0
|  43|0x0000000082b00000, 0x0000000082c00000, 0x0000000082c00000|100%| O|  |TAMS 0x0000000082b00000| PB 0x0000000082b00000| Untracked |  0
|  44|0x0000000082c00000, 0x0000000082d00000, 0x0000000082d00000|100%| O|  |TAMS 0x0000000082c00000| PB 0x0000000082c00000| Untracked |  0
|  45|0x0000000082d00000, 0x0000000082e00000, 0x0000000082e00000|100%| O|  |TAMS 0x0000000082d00000| PB 0x0000000082d00000| Untracked |  0
|  46|0x0000000082e00000, 0x0000000082f00000, 0x0000000082f00000|100%| O|  |TAMS 0x0000000082e00000| PB 0x0000000082e00000| Untracked |  0
|  47|0x0000000082f00000, 0x0000000083000000, 0x0000000083000000|100%| O|  |TAMS 0x0000000082f00000| PB 0x0000000082f00000| Untracked |  0
|  48|0x0000000083000000, 0x0000000083100000, 0x0000000083100000|100%| O|  |TAMS 0x0000000083000000| PB 0x0000000083000000| Untracked |  0
|  49|0x0000000083100000, 0x0000000083200000, 0x0000000083200000|100%| O|  |TAMS 0x0000000083100000| PB 0x0000000083100000| Untracked |  0
|  50|0x0000000083200000, 0x0000000083300000, 0x0000000083300000|100%| O|  |TAMS 0x0000000083200000| PB 0x0000000083200000| Untracked |  0
|  51|0x0000000083300000, 0x0000000083400000, 0x0000000083400000|100%| O|  |TAMS 0x0000000083300000| PB 0x0000000083300000| Untracked |  0
|  52|0x0000000083400000, 0x0000000083500000, 0x0000000083500000|100%| O|  |TAMS 0x0000000083400000| PB 0x0000000083400000| Untracked |  0
|  53|0x0000000083500000, 0x0000000083600000, 0x0000000083600000|100%| O|  |TAMS 0x0000000083500000| PB 0x0000000083500000| Untracked |  0
|  54|0x0000000083600000, 0x0000000083700000, 0x0000000083700000|100%| O|  |TAMS 0x0000000083600000| PB 0x0000000083600000| Untracked |  0
|  55|0x0000000083700000, 0x0000000083800000, 0x0000000083800000|100%| O|  |TAMS 0x0000000083700000| PB 0x0000000083700000| Untracked |  0
|  56|0x0000000083800000, 0x0000000083900000, 0x0000000083900000|100%|HS|  |TAMS 0x0000000083800000| PB 0x0000000083800000| Complete |  0
|  57|0x0000000083900000, 0x0000000083a00000, 0x0000000083a00000|100%|HC|  |TAMS 0x0000000083900000| PB 0x0000000083900000| Complete |  0
|  58|0x0000000083a00000, 0x0000000083b00000, 0x0000000083b00000|100%|HC|  |TAMS 0x0000000083a00000| PB 0x0000000083a00000| Complete |  0
|  59|0x0000000083b00000, 0x0000000083c00000, 0x0000000083c00000|100%|HC|  |TAMS 0x0000000083b00000| PB 0x0000000083b00000| Complete |  0
|  60|0x0000000083c00000, 0x0000000083d00000, 0x0000000083d00000|100%|HC|  |TAMS 0x0000000083c00000| PB 0x0000000083c00000| Complete |  0
|  61|0x0000000083d00000, 0x0000000083e00000, 0x0000000083e00000|100%|HC|  |TAMS 0x0000000083d00000| PB 0x0000000083d00000| Complete |  0
|  62|0x0000000083e00000, 0x0000000083f00000, 0x0000000083f00000|100%|HS|  |TAMS 0x0000000083e00000| PB 0x0000000083e00000| Complete |  0
|  63|0x0000000083f00000, 0x0000000084000000, 0x0000000084000000|100%| O|  |TAMS 0x0000000083f00000| PB 0x0000000083f00000| Untracked |  0
|  64|0x0000000084000000, 0x0000000084100000, 0x0000000084100000|100%| O|  |TAMS 0x0000000084000000| PB 0x0000000084000000| Untracked |  0
|  65|0x0000000084100000, 0x0000000084200000, 0x0000000084200000|100%| O|  |TAMS 0x0000000084100000| PB 0x0000000084100000| Untracked |  0
|  66|0x0000000084200000, 0x0000000084300000, 0x0000000084300000|100%| O|  |TAMS 0x0000000084200000| PB 0x0000000084200000| Untracked |  0
|  67|0x0000000084300000, 0x0000000084400000, 0x0000000084400000|100%| O|  |TAMS 0x0000000084300000| PB 0x0000000084300000| Untracked |  0
|  68|0x0000000084400000, 0x0000000084500000, 0x0000000084500000|100%| O|  |TAMS 0x0000000084400000| PB 0x0000000084400000| Untracked |  0
|  69|0x0000000084500000, 0x0000000084600000, 0x0000000084600000|100%| O|  |TAMS 0x0000000084500000| PB 0x0000000084500000| Untracked |  0
|  70|0x0000000084600000, 0x0000000084700000, 0x0000000084700000|100%| O|  |TAMS 0x0000000084600000| PB 0x0000000084600000| Untracked |  0
|  71|0x0000000084700000, 0x0000000084800000, 0x0000000084800000|100%| O|  |TAMS 0x0000000084700000| PB 0x0000000084700000| Untracked |  0
|  72|0x0000000084800000, 0x0000000084900000, 0x0000000084900000|100%| O|  |TAMS 0x0000000084800000| PB 0x0000000084800000| Untracked |  0
|  73|0x0000000084900000, 0x0000000084a00000, 0x0000000084a00000|100%| O|  |TAMS 0x0000000084900000| PB 0x0000000084900000| Untracked |  0
|  74|0x0000000084a00000, 0x0000000084b00000, 0x0000000084b00000|100%| O|  |TAMS 0x0000000084a00000| PB 0x0000000084a00000| Untracked |  0
|  75|0x0000000084b00000, 0x0000000084c00000, 0x0000000084c00000|100%| O|  |TAMS 0x0000000084b00000| PB 0x0000000084b00000| Untracked |  0
|  76|0x0000000084c00000, 0x0000000084d00000, 0x0000000084d00000|100%| O|  |TAMS 0x0000000084c00000| PB 0x0000000084c00000| Untracked |  0
|  77|0x0000000084d00000, 0x0000000084e00000, 0x0000000084e00000|100%| O|  |TAMS 0x0000000084d00000| PB 0x0000000084d00000| Untracked |  0
|  78|0x0000000084e00000, 0x0000000084f00000, 0x0000000084f00000|100%| O|  |TAMS 0x0000000084e00000| PB 0x0000000084e00000| Untracked |  0
|  79|0x0000000084f00000, 0x0000000085000000, 0x0000000085000000|100%| O|  |TAMS 0x0000000084f00000| PB 0x0000000084f00000| Untracked |  0
|  80|0x0000000085000000, 0x0000000085100000, 0x0000000085100000|100%| O|  |TAMS 0x0000000085000000| PB 0x0000000085000000| Untracked |  0
|  81|0x0000000085100000, 0x0000000085200000, 0x0000000085200000|100%| O|  |TAMS 0x0000000085100000| PB 0x0000000085100000| Untracked |  0
|  82|0x0000000085200000, 0x0000000085300000, 0x0000000085300000|100%| O|  |TAMS 0x0000000085200000| PB 0x0000000085200000| Untracked |  0
|  83|0x0000000085300000, 0x0000000085400000, 0x0000000085400000|100%| O|  |TAMS 0x0000000085300000| PB 0x0000000085300000| Untracked |  0
|  84|0x0000000085400000, 0x0000000085500000, 0x0000000085500000|100%| O|  |TAMS 0x0000000085400000| PB 0x0000000085400000| Untracked |  0
|  85|0x0000000085500000, 0x0000000085600000, 0x0000000085600000|100%| O|  |TAMS 0x0000000085500000| PB 0x0000000085500000| Untracked |  0
|  86|0x0000000085600000, 0x0000000085700000, 0x0000000085700000|100%| O|  |TAMS 0x0000000085600000| PB 0x0000000085600000| Untracked |  0
|  87|0x0000000085700000, 0x0000000085800000, 0x0000000085800000|100%| O|  |TAMS 0x0000000085700000| PB 0x0000000085700000| Untracked |  0
|  88|0x0000000085800000, 0x0000000085900000, 0x0000000085900000|100%| O|  |TAMS 0x0000000085800000| PB 0x0000000085800000| Untracked |  0
|  89|0x0000000085900000, 0x0000000085a00000, 0x0000000085a00000|100%|HS|  |TAMS 0x0000000085900000| PB 0x0000000085900000| Complete |  0
|  90|0x0000000085a00000, 0x0000000085b00000, 0x0000000085b00000|100%| O|  |TAMS 0x0000000085a00000| PB 0x0000000085a00000| Untracked |  0
|  91|0x0000000085b00000, 0x0000000085c00000, 0x0000000085c00000|100%| O|  |TAMS 0x0000000085b00000| PB 0x0000000085b00000| Untracked |  0
|  92|0x0000000085c00000, 0x0000000085c00000, 0x0000000085d00000|  0%| F|  |TAMS 0x0000000085c00000| PB 0x0000000085c00000| Untracked |  0
|  93|0x0000000085d00000, 0x0000000085e00000, 0x0000000085e00000|100%| O|  |TAMS 0x0000000085d00000| PB 0x0000000085d00000| Untracked |  0
|  94|0x0000000085e00000, 0x0000000085f00000, 0x0000000085f00000|100%| O|  |TAMS 0x0000000085e00000| PB 0x0000000085e00000| Untracked |  0
|  95|0x0000000085f00000, 0x0000000086000000, 0x0000000086000000|100%| O|  |TAMS 0x0000000085f00000| PB 0x0000000085f00000| Untracked |  0
|  96|0x0000000086000000, 0x0000000086100000, 0x0000000086100000|100%| O|  |TAMS 0x0000000086000000| PB 0x0000000086000000| Untracked |  0
|  97|0x0000000086100000, 0x0000000086100000, 0x0000000086200000|  0%| F|  |TAMS 0x0000000086100000| PB 0x0000000086100000| Untracked |  0
|  98|0x0000000086200000, 0x0000000086300000, 0x0000000086300000|100%| O|  |TAMS 0x0000000086200000| PB 0x0000000086200000| Untracked |  0
|  99|0x0000000086300000, 0x0000000086400000, 0x0000000086400000|100%| O|  |TAMS 0x0000000086300000| PB 0x0000000086300000| Untracked |  0
| 100|0x0000000086400000, 0x0000000086500000, 0x0000000086500000|100%| O|  |TAMS 0x0000000086400000| PB 0x0000000086400000| Untracked |  0
| 101|0x0000000086500000, 0x0000000086600000, 0x0000000086600000|100%| O|  |TAMS 0x0000000086500000| PB 0x0000000086500000| Untracked |  0
| 102|0x0000000086600000, 0x0000000086700000, 0x0000000086700000|100%| O|  |TAMS 0x0000000086600000| PB 0x0000000086600000| Untracked |  0
| 103|0x0000000086700000, 0x0000000086800000, 0x0000000086800000|100%|HS|  |TAMS 0x0000000086700000| PB 0x0000000086700000| Complete |  0
| 104|0x0000000086800000, 0x0000000086900000, 0x0000000086900000|100%| O|  |TAMS 0x0000000086800000| PB 0x0000000086800000| Untracked |  0
| 105|0x0000000086900000, 0x0000000086a00000, 0x0000000086a00000|100%|HS|  |TAMS 0x0000000086900000| PB 0x0000000086900000| Complete |  0
| 106|0x0000000086a00000, 0x0000000086b00000, 0x0000000086b00000|100%|HS|  |TAMS 0x0000000086a00000| PB 0x0000000086a00000| Complete |  0
| 107|0x0000000086b00000, 0x0000000086c00000, 0x0000000086c00000|100%|HS|  |TAMS 0x0000000086b00000| PB 0x0000000086b00000| Complete |  0
| 108|0x0000000086c00000, 0x0000000086d00000, 0x0000000086d00000|100%|HC|  |TAMS 0x0000000086c00000| PB 0x0000000086c00000| Complete |  0
| 109|0x0000000086d00000, 0x0000000086e00000, 0x0000000086e00000|100%|HS|  |TAMS 0x0000000086d00000| PB 0x0000000086d00000| Complete |  0
| 110|0x0000000086e00000, 0x0000000086f00000, 0x0000000086f00000|100%| O|  |TAMS 0x0000000086e00000| PB 0x0000000086e00000| Untracked |  0
| 111|0x0000000086f00000, 0x0000000087000000, 0x0000000087000000|100%| O|  |TAMS 0x0000000086f00000| PB 0x0000000086f00000| Untracked |  0
| 112|0x0000000087000000, 0x0000000087100000, 0x0000000087100000|100%| O|  |TAMS 0x0000000087000000| PB 0x0000000087000000| Untracked |  0
| 113|0x0000000087100000, 0x0000000087200000, 0x0000000087200000|100%| O|  |TAMS 0x0000000087100000| PB 0x0000000087100000| Untracked |  0
| 114|0x0000000087200000, 0x0000000087300000, 0x0000000087300000|100%|HS|  |TAMS 0x0000000087200000| PB 0x0000000087200000| Complete |  0
| 115|0x0000000087300000, 0x0000000087400000, 0x0000000087400000|100%| O|  |TAMS 0x0000000087300000| PB 0x0000000087300000| Untracked |  0
| 116|0x0000000087400000, 0x0000000087500000, 0x0000000087500000|100%| O|  |TAMS 0x0000000087400000| PB 0x0000000087400000| Untracked |  0
| 117|0x0000000087500000, 0x0000000087600000, 0x0000000087600000|100%| O|  |TAMS 0x0000000087500000| PB 0x0000000087500000| Untracked |  0
| 118|0x0000000087600000, 0x0000000087700000, 0x0000000087700000|100%| O|  |TAMS 0x0000000087600000| PB 0x0000000087600000| Untracked |  0
| 119|0x0000000087700000, 0x0000000087800000, 0x0000000087800000|100%| O|  |TAMS 0x0000000087700000| PB 0x0000000087700000| Untracked |  0
| 120|0x0000000087800000, 0x0000000087900000, 0x0000000087900000|100%| O|  |TAMS 0x0000000087800000| PB 0x0000000087800000| Untracked |  0
| 121|0x0000000087900000, 0x0000000087a00000, 0x0000000087a00000|100%| O|  |TAMS 0x0000000087900000| PB 0x0000000087900000| Untracked |  0
| 122|0x0000000087a00000, 0x0000000087b00000, 0x0000000087b00000|100%| O|  |TAMS 0x0000000087a00000| PB 0x0000000087a00000| Untracked |  0
| 123|0x0000000087b00000, 0x0000000087c00000, 0x0000000087c00000|100%| O|  |TAMS 0x0000000087b00000| PB 0x0000000087b00000| Untracked |  0
| 124|0x0000000087c00000, 0x0000000087d00000, 0x0000000087d00000|100%| O|  |TAMS 0x0000000087c00000| PB 0x0000000087c00000| Untracked |  0
| 125|0x0000000087d00000, 0x0000000087e00000, 0x0000000087e00000|100%| O|  |TAMS 0x0000000087d00000| PB 0x0000000087d00000| Untracked |  0
| 126|0x0000000087e00000, 0x0000000087e00000, 0x0000000087f00000|  0%| F|  |TAMS 0x0000000087e00000| PB 0x0000000087e00000| Untracked |  0
| 127|0x0000000087f00000, 0x0000000088000000, 0x0000000088000000|100%| O|  |TAMS 0x0000000087f00000| PB 0x0000000087f00000| Untracked |  0
| 128|0x0000000088000000, 0x0000000088100000, 0x0000000088100000|100%| O|  |TAMS 0x0000000088000000| PB 0x0000000088000000| Untracked |  0
| 129|0x0000000088100000, 0x0000000088200000, 0x0000000088200000|100%| O|  |TAMS 0x0000000088100000| PB 0x0000000088100000| Untracked |  0
| 130|0x0000000088200000, 0x0000000088300000, 0x0000000088300000|100%| O|  |TAMS 0x0000000088200000| PB 0x0000000088200000| Untracked |  0
| 131|0x0000000088300000, 0x0000000088400000, 0x0000000088400000|100%| O|  |TAMS 0x0000000088300000| PB 0x0000000088300000| Untracked |  0
| 132|0x0000000088400000, 0x0000000088500000, 0x0000000088500000|100%| O|  |TAMS 0x0000000088400000| PB 0x0000000088400000| Untracked |  0
| 133|0x0000000088500000, 0x0000000088600000, 0x0000000088600000|100%| O|  |TAMS 0x0000000088500000| PB 0x0000000088500000| Untracked |  0
| 134|0x0000000088600000, 0x0000000088700000, 0x0000000088700000|100%| O|  |TAMS 0x0000000088600000| PB 0x0000000088600000| Untracked |  0
| 135|0x0000000088700000, 0x0000000088800000, 0x0000000088800000|100%| O|  |TAMS 0x0000000088700000| PB 0x0000000088700000| Untracked |  0
| 136|0x0000000088800000, 0x0000000088900000, 0x0000000088900000|100%| O|  |TAMS 0x0000000088800000| PB 0x0000000088800000| Untracked |  0
| 137|0x0000000088900000, 0x0000000088a00000, 0x0000000088a00000|100%| O|  |TAMS 0x0000000088900000| PB 0x0000000088900000| Untracked |  0
| 138|0x0000000088a00000, 0x0000000088b00000, 0x0000000088b00000|100%| O|  |TAMS 0x0000000088a00000| PB 0x0000000088a00000| Untracked |  0
| 139|0x0000000088b00000, 0x0000000088c00000, 0x0000000088c00000|100%| O|  |TAMS 0x0000000088b00000| PB 0x0000000088b00000| Untracked |  0
| 140|0x0000000088c00000, 0x0000000088d00000, 0x0000000088d00000|100%| O|  |TAMS 0x0000000088c00000| PB 0x0000000088c00000| Untracked |  0
| 141|0x0000000088d00000, 0x0000000088e00000, 0x0000000088e00000|100%| O|  |TAMS 0x0000000088d00000| PB 0x0000000088d00000| Untracked |  0
| 142|0x0000000088e00000, 0x0000000088f00000, 0x0000000088f00000|100%| O|  |TAMS 0x0000000088e00000| PB 0x0000000088e00000| Untracked |  0
| 143|0x0000000088f00000, 0x0000000089000000, 0x0000000089000000|100%|HS|  |TAMS 0x0000000088f00000| PB 0x0000000088f00000| Complete |  0
| 144|0x0000000089000000, 0x0000000089100000, 0x0000000089100000|100%| O|  |TAMS 0x0000000089000000| PB 0x0000000089000000| Untracked |  0
| 145|0x0000000089100000, 0x0000000089200000, 0x0000000089200000|100%| O|  |TAMS 0x0000000089100000| PB 0x0000000089100000| Untracked |  0
| 146|0x0000000089200000, 0x0000000089300000, 0x0000000089300000|100%| O|  |TAMS 0x0000000089200000| PB 0x0000000089200000| Untracked |  0
| 147|0x0000000089300000, 0x0000000089400000, 0x0000000089400000|100%| O|  |TAMS 0x0000000089300000| PB 0x0000000089300000| Untracked |  0
| 148|0x0000000089400000, 0x0000000089500000, 0x0000000089500000|100%| O|  |TAMS 0x0000000089400000| PB 0x0000000089400000| Untracked |  0
| 149|0x0000000089500000, 0x0000000089600000, 0x0000000089600000|100%| O|  |TAMS 0x0000000089500000| PB 0x0000000089500000| Untracked |  0
| 150|0x0000000089600000, 0x0000000089700000, 0x0000000089700000|100%| O|  |TAMS 0x0000000089600000| PB 0x0000000089600000| Untracked |  0
| 151|0x0000000089700000, 0x0000000089800000, 0x0000000089800000|100%| O|  |TAMS 0x0000000089700000| PB 0x0000000089700000| Untracked |  0
| 152|0x0000000089800000, 0x0000000089900000, 0x0000000089900000|100%| O|  |TAMS 0x0000000089800000| PB 0x0000000089800000| Untracked |  0
| 153|0x0000000089900000, 0x0000000089a00000, 0x0000000089a00000|100%| O|  |TAMS 0x0000000089900000| PB 0x0000000089900000| Untracked |  0
| 154|0x0000000089a00000, 0x0000000089b00000, 0x0000000089b00000|100%| O|  |TAMS 0x0000000089a00000| PB 0x0000000089a00000| Untracked |  0
| 155|0x0000000089b00000, 0x0000000089c00000, 0x0000000089c00000|100%| O|  |TAMS 0x0000000089b00000| PB 0x0000000089b00000| Untracked |  0
| 156|0x0000000089c00000, 0x0000000089d00000, 0x0000000089d00000|100%| O|  |TAMS 0x0000000089c00000| PB 0x0000000089c00000| Untracked |  0
| 157|0x0000000089d00000, 0x0000000089e00000, 0x0000000089e00000|100%| O|  |TAMS 0x0000000089d00000| PB 0x0000000089d00000| Untracked |  0
| 158|0x0000000089e00000, 0x0000000089e00000, 0x0000000089f00000|  0%| F|  |TAMS 0x0000000089e00000| PB 0x0000000089e00000| Untracked |  0
| 159|0x0000000089f00000, 0x000000008a000000, 0x000000008a000000|100%| O|  |TAMS 0x0000000089f00000| PB 0x0000000089f00000| Untracked |  0
| 160|0x000000008a000000, 0x000000008a100000, 0x000000008a100000|100%| O|  |TAMS 0x000000008a000000| PB 0x000000008a000000| Untracked |  0
| 161|0x000000008a100000, 0x000000008a200000, 0x000000008a200000|100%|HS|  |TAMS 0x000000008a100000| PB 0x000000008a100000| Complete |  0
| 162|0x000000008a200000, 0x000000008a300000, 0x000000008a300000|100%|HC|  |TAMS 0x000000008a200000| PB 0x000000008a200000| Complete |  0
| 163|0x000000008a300000, 0x000000008a400000, 0x000000008a400000|100%|HS|  |TAMS 0x000000008a300000| PB 0x000000008a300000| Complete |  0
| 164|0x000000008a400000, 0x000000008a500000, 0x000000008a500000|100%|HS|  |TAMS 0x000000008a400000| PB 0x000000008a400000| Complete |  0
| 165|0x000000008a500000, 0x000000008a600000, 0x000000008a600000|100%| O|  |TAMS 0x000000008a500000| PB 0x000000008a500000| Untracked |  0
| 166|0x000000008a600000, 0x000000008a700000, 0x000000008a700000|100%|HS|  |TAMS 0x000000008a600000| PB 0x000000008a600000| Complete |  0
| 167|0x000000008a700000, 0x000000008a800000, 0x000000008a800000|100%|HS|  |TAMS 0x000000008a700000| PB 0x000000008a700000| Complete |  0
| 168|0x000000008a800000, 0x000000008a900000, 0x000000008a900000|100%| O|  |TAMS 0x000000008a800000| PB 0x000000008a800000| Untracked |  0
| 169|0x000000008a900000, 0x000000008aa00000, 0x000000008aa00000|100%| O|  |TAMS 0x000000008a900000| PB 0x000000008a900000| Untracked |  0
| 170|0x000000008aa00000, 0x000000008ab00000, 0x000000008ab00000|100%| O|  |TAMS 0x000000008aa00000| PB 0x000000008aa00000| Untracked |  0
| 171|0x000000008ab00000, 0x000000008ac00000, 0x000000008ac00000|100%| O|  |TAMS 0x000000008ab00000| PB 0x000000008ab00000| Untracked |  0
| 172|0x000000008ac00000, 0x000000008ad00000, 0x000000008ad00000|100%| O|  |TAMS 0x000000008ac00000| PB 0x000000008ac00000| Untracked |  0
| 173|0x000000008ad00000, 0x000000008ae00000, 0x000000008ae00000|100%| O|  |TAMS 0x000000008ad00000| PB 0x000000008ad00000| Untracked |  0
| 174|0x000000008ae00000, 0x000000008af00000, 0x000000008af00000|100%| O|  |TAMS 0x000000008ae00000| PB 0x000000008ae00000| Untracked |  0
| 175|0x000000008af00000, 0x000000008b000000, 0x000000008b000000|100%| O|  |TAMS 0x000000008af00000| PB 0x000000008af00000| Untracked |  0
| 176|0x000000008b000000, 0x000000008b100000, 0x000000008b100000|100%| O|  |TAMS 0x000000008b000000| PB 0x000000008b000000| Untracked |  0
| 177|0x000000008b100000, 0x000000008b200000, 0x000000008b200000|100%| O|  |TAMS 0x000000008b100000| PB 0x000000008b100000| Untracked |  0
| 178|0x000000008b200000, 0x000000008b300000, 0x000000008b300000|100%| O|  |TAMS 0x000000008b200000| PB 0x000000008b200000| Untracked |  0
| 179|0x000000008b300000, 0x000000008b400000, 0x000000008b400000|100%| O|  |TAMS 0x000000008b300000| PB 0x000000008b300000| Untracked |  0
| 180|0x000000008b400000, 0x000000008b400000, 0x000000008b500000|  0%| F|  |TAMS 0x000000008b400000| PB 0x000000008b400000| Untracked |  0
| 181|0x000000008b500000, 0x000000008b500000, 0x000000008b600000|  0%| F|  |TAMS 0x000000008b500000| PB 0x000000008b500000| Untracked |  0
| 182|0x000000008b600000, 0x000000008b600000, 0x000000008b700000|  0%| F|  |TAMS 0x000000008b600000| PB 0x000000008b600000| Untracked |  0
| 183|0x000000008b700000, 0x000000008b700000, 0x000000008b800000|  0%| F|  |TAMS 0x000000008b700000| PB 0x000000008b700000| Untracked |  0
| 184|0x000000008b800000, 0x000000008b800000, 0x000000008b900000|  0%| F|  |TAMS 0x000000008b800000| PB 0x000000008b800000| Untracked |  0
| 185|0x000000008b900000, 0x000000008b900000, 0x000000008ba00000|  0%| F|  |TAMS 0x000000008b900000| PB 0x000000008b900000| Untracked |  0
| 186|0x000000008ba00000, 0x000000008ba00000, 0x000000008bb00000|  0%| F|  |TAMS 0x000000008ba00000| PB 0x000000008ba00000| Untracked |  0
| 187|0x000000008bb00000, 0x000000008bb00000, 0x000000008bc00000|  0%| F|  |TAMS 0x000000008bb00000| PB 0x000000008bb00000| Untracked |  0
| 188|0x000000008bc00000, 0x000000008bc00000, 0x000000008bd00000|  0%| F|  |TAMS 0x000000008bc00000| PB 0x000000008bc00000| Untracked |  0
| 189|0x000000008bd00000, 0x000000008bd00000, 0x000000008be00000|  0%| F|  |TAMS 0x000000008bd00000| PB 0x000000008bd00000| Untracked |  0
| 190|0x000000008be00000, 0x000000008be00000, 0x000000008bf00000|  0%| F|  |TAMS 0x000000008be00000| PB 0x000000008be00000| Untracked |  0
| 191|0x000000008bf00000, 0x000000008bf00000, 0x000000008c000000|  0%| F|  |TAMS 0x000000008bf00000| PB 0x000000008bf00000| Untracked |  0
| 192|0x000000008c000000, 0x000000008c000000, 0x000000008c100000|  0%| F|  |TAMS 0x000000008c000000| PB 0x000000008c000000| Untracked |  0
| 193|0x000000008c100000, 0x000000008c100000, 0x000000008c200000|  0%| F|  |TAMS 0x000000008c100000| PB 0x000000008c100000| Untracked |  0
| 194|0x000000008c200000, 0x000000008c200000, 0x000000008c300000|  0%| F|  |TAMS 0x000000008c200000| PB 0x000000008c200000| Untracked |  0
| 195|0x000000008c300000, 0x000000008c300000, 0x000000008c400000|  0%| F|  |TAMS 0x000000008c300000| PB 0x000000008c300000| Untracked |  0
| 196|0x000000008c400000, 0x000000008c400000, 0x000000008c500000|  0%| F|  |TAMS 0x000000008c400000| PB 0x000000008c400000| Untracked |  0
| 197|0x000000008c500000, 0x000000008c500000, 0x000000008c600000|  0%| F|  |TAMS 0x000000008c500000| PB 0x000000008c500000| Untracked |  0
| 198|0x000000008c600000, 0x000000008c600000, 0x000000008c700000|  0%| F|  |TAMS 0x000000008c600000| PB 0x000000008c600000| Untracked |  0
| 199|0x000000008c700000, 0x000000008c700000, 0x000000008c800000|  0%| F|  |TAMS 0x000000008c700000| PB 0x000000008c700000| Untracked |  0
| 200|0x000000008c800000, 0x000000008c800000, 0x000000008c900000|  0%| F|  |TAMS 0x000000008c800000| PB 0x000000008c800000| Untracked |  0
| 201|0x000000008c900000, 0x000000008c900000, 0x000000008ca00000|  0%| F|  |TAMS 0x000000008c900000| PB 0x000000008c900000| Untracked |  0
| 202|0x000000008ca00000, 0x000000008ca00000, 0x000000008cb00000|  0%| F|  |TAMS 0x000000008ca00000| PB 0x000000008ca00000| Untracked |  0
| 203|0x000000008cb00000, 0x000000008cb00000, 0x000000008cc00000|  0%| F|  |TAMS 0x000000008cb00000| PB 0x000000008cb00000| Untracked |  0
| 204|0x000000008cc00000, 0x000000008cc00000, 0x000000008cd00000|  0%| F|  |TAMS 0x000000008cc00000| PB 0x000000008cc00000| Untracked |  0
| 205|0x000000008cd00000, 0x000000008cd00000, 0x000000008ce00000|  0%| F|  |TAMS 0x000000008cd00000| PB 0x000000008cd00000| Untracked |  0
| 206|0x000000008ce00000, 0x000000008ce00000, 0x000000008cf00000|  0%| F|  |TAMS 0x000000008ce00000| PB 0x000000008ce00000| Untracked |  0
| 207|0x000000008cf00000, 0x000000008cf00000, 0x000000008d000000|  0%| F|  |TAMS 0x000000008cf00000| PB 0x000000008cf00000| Untracked |  0
| 208|0x000000008d000000, 0x000000008d000000, 0x000000008d100000|  0%| F|  |TAMS 0x000000008d000000| PB 0x000000008d000000| Untracked |  0
| 209|0x000000008d100000, 0x000000008d100000, 0x000000008d200000|  0%| F|  |TAMS 0x000000008d100000| PB 0x000000008d100000| Untracked |  0
| 210|0x000000008d200000, 0x000000008d200000, 0x000000008d300000|  0%| F|  |TAMS 0x000000008d200000| PB 0x000000008d200000| Untracked |  0
| 211|0x000000008d300000, 0x000000008d300000, 0x000000008d400000|  0%| F|  |TAMS 0x000000008d300000| PB 0x000000008d300000| Untracked |  0
| 212|0x000000008d400000, 0x000000008d400000, 0x000000008d500000|  0%| F|  |TAMS 0x000000008d400000| PB 0x000000008d400000| Untracked |  0
| 213|0x000000008d500000, 0x000000008d500000, 0x000000008d600000|  0%| F|  |TAMS 0x000000008d500000| PB 0x000000008d500000| Untracked |  0
| 214|0x000000008d600000, 0x000000008d600000, 0x000000008d700000|  0%| F|  |TAMS 0x000000008d600000| PB 0x000000008d600000| Untracked |  0
| 215|0x000000008d700000, 0x000000008d700000, 0x000000008d800000|  0%| F|  |TAMS 0x000000008d700000| PB 0x000000008d700000| Untracked |  0
| 216|0x000000008d800000, 0x000000008d800000, 0x000000008d900000|  0%| F|  |TAMS 0x000000008d800000| PB 0x000000008d800000| Untracked |  0
| 217|0x000000008d900000, 0x000000008d900000, 0x000000008da00000|  0%| F|  |TAMS 0x000000008d900000| PB 0x000000008d900000| Untracked |  0
| 218|0x000000008da00000, 0x000000008da00000, 0x000000008db00000|  0%| F|  |TAMS 0x000000008da00000| PB 0x000000008da00000| Untracked |  0
| 219|0x000000008db00000, 0x000000008db00000, 0x000000008dc00000|  0%| F|  |TAMS 0x000000008db00000| PB 0x000000008db00000| Untracked |  0
| 220|0x000000008dc00000, 0x000000008dc00000, 0x000000008dd00000|  0%| F|  |TAMS 0x000000008dc00000| PB 0x000000008dc00000| Untracked |  0
| 221|0x000000008dd00000, 0x000000008dd00000, 0x000000008de00000|  0%| F|  |TAMS 0x000000008dd00000| PB 0x000000008dd00000| Untracked |  0
| 222|0x000000008de00000, 0x000000008de00000, 0x000000008df00000|  0%| F|  |TAMS 0x000000008de00000| PB 0x000000008de00000| Untracked |  0
| 223|0x000000008df00000, 0x000000008df00000, 0x000000008e000000|  0%| F|  |TAMS 0x000000008df00000| PB 0x000000008df00000| Untracked |  0
| 224|0x000000008e000000, 0x000000008e000000, 0x000000008e100000|  0%| F|  |TAMS 0x000000008e000000| PB 0x000000008e000000| Untracked |  0
| 225|0x000000008e100000, 0x000000008e100000, 0x000000008e200000|  0%| F|  |TAMS 0x000000008e100000| PB 0x000000008e100000| Untracked |  0
| 226|0x000000008e200000, 0x000000008e200000, 0x000000008e300000|  0%| F|  |TAMS 0x000000008e200000| PB 0x000000008e200000| Untracked |  0
| 227|0x000000008e300000, 0x000000008e300000, 0x000000008e400000|  0%| F|  |TAMS 0x000000008e300000| PB 0x000000008e300000| Untracked |  0
| 228|0x000000008e400000, 0x000000008e400000, 0x000000008e500000|  0%| F|  |TAMS 0x000000008e400000| PB 0x000000008e400000| Untracked |  0
| 229|0x000000008e500000, 0x000000008e500000, 0x000000008e600000|  0%| F|  |TAMS 0x000000008e500000| PB 0x000000008e500000| Untracked |  0
| 230|0x000000008e600000, 0x000000008e600000, 0x000000008e700000|  0%| F|  |TAMS 0x000000008e600000| PB 0x000000008e600000| Untracked |  0
| 231|0x000000008e700000, 0x000000008e700000, 0x000000008e800000|  0%| F|  |TAMS 0x000000008e700000| PB 0x000000008e700000| Untracked |  0
| 232|0x000000008e800000, 0x000000008e800000, 0x000000008e900000|  0%| F|  |TAMS 0x000000008e800000| PB 0x000000008e800000| Untracked |  0
| 233|0x000000008e900000, 0x000000008e900000, 0x000000008ea00000|  0%| F|  |TAMS 0x000000008e900000| PB 0x000000008e900000| Untracked |  0
| 234|0x000000008ea00000, 0x000000008ea00000, 0x000000008eb00000|  0%| F|  |TAMS 0x000000008ea00000| PB 0x000000008ea00000| Untracked |  0
| 235|0x000000008eb00000, 0x000000008eb00000, 0x000000008ec00000|  0%| F|  |TAMS 0x000000008eb00000| PB 0x000000008eb00000| Untracked |  0
| 236|0x000000008ec00000, 0x000000008ec00000, 0x000000008ed00000|  0%| F|  |TAMS 0x000000008ec00000| PB 0x000000008ec00000| Untracked |  0
| 237|0x000000008ed00000, 0x000000008ed00000, 0x000000008ee00000|  0%| F|  |TAMS 0x000000008ed00000| PB 0x000000008ed00000| Untracked |  0
| 238|0x000000008ee00000, 0x000000008ee00000, 0x000000008ef00000|  0%| F|  |TAMS 0x000000008ee00000| PB 0x000000008ee00000| Untracked |  0
| 239|0x000000008ef00000, 0x000000008ef00000, 0x000000008f000000|  0%| F|  |TAMS 0x000000008ef00000| PB 0x000000008ef00000| Untracked |  0
| 240|0x000000008f000000, 0x000000008f000000, 0x000000008f100000|  0%| F|  |TAMS 0x000000008f000000| PB 0x000000008f000000| Untracked |  0
| 241|0x000000008f100000, 0x000000008f100000, 0x000000008f200000|  0%| F|  |TAMS 0x000000008f100000| PB 0x000000008f100000| Untracked |  0
| 242|0x000000008f200000, 0x000000008f200000, 0x000000008f300000|  0%| F|  |TAMS 0x000000008f200000| PB 0x000000008f200000| Untracked |  0
| 243|0x000000008f300000, 0x000000008f300000, 0x000000008f400000|  0%| F|  |TAMS 0x000000008f300000| PB 0x000000008f300000| Untracked |  0
| 244|0x000000008f400000, 0x000000008f400000, 0x000000008f500000|  0%| F|  |TAMS 0x000000008f400000| PB 0x000000008f400000| Untracked |  0
| 245|0x000000008f500000, 0x000000008f500000, 0x000000008f600000|  0%| F|  |TAMS 0x000000008f500000| PB 0x000000008f500000| Untracked |  0
| 246|0x000000008f600000, 0x000000008f600000, 0x000000008f700000|  0%| F|  |TAMS 0x000000008f600000| PB 0x000000008f600000| Untracked |  0
| 247|0x000000008f700000, 0x000000008f700000, 0x000000008f800000|  0%| F|  |TAMS 0x000000008f700000| PB 0x000000008f700000| Untracked |  0
| 248|0x000000008f800000, 0x000000008f800000, 0x000000008f900000|  0%| F|  |TAMS 0x000000008f800000| PB 0x000000008f800000| Untracked |  0
| 249|0x000000008f900000, 0x000000008f900000, 0x000000008fa00000|  0%| F|  |TAMS 0x000000008f900000| PB 0x000000008f900000| Untracked |  0
| 250|0x000000008fa00000, 0x000000008fa00000, 0x000000008fb00000|  0%| F|  |TAMS 0x000000008fa00000| PB 0x000000008fa00000| Untracked |  0
| 251|0x000000008fb00000, 0x000000008fb00000, 0x000000008fc00000|  0%| F|  |TAMS 0x000000008fb00000| PB 0x000000008fb00000| Untracked |  0
| 252|0x000000008fc00000, 0x000000008fc00000, 0x000000008fd00000|  0%| F|  |TAMS 0x000000008fc00000| PB 0x000000008fc00000| Untracked |  0
| 253|0x000000008fd00000, 0x000000008fd00000, 0x000000008fe00000|  0%| F|  |TAMS 0x000000008fd00000| PB 0x000000008fd00000| Untracked |  0
| 254|0x000000008fe00000, 0x000000008fe00000, 0x000000008ff00000|  0%| F|  |TAMS 0x000000008fe00000| PB 0x000000008fe00000| Untracked |  0
| 255|0x000000008ff00000, 0x000000008ff00000, 0x0000000090000000|  0%| F|  |TAMS 0x000000008ff00000| PB 0x000000008ff00000| Untracked |  0
| 256|0x0000000090000000, 0x0000000090000000, 0x0000000090100000|  0%| F|  |TAMS 0x0000000090000000| PB 0x0000000090000000| Untracked |  0
| 257|0x0000000090100000, 0x0000000090100000, 0x0000000090200000|  0%| F|  |TAMS 0x0000000090100000| PB 0x0000000090100000| Untracked |  0
| 258|0x0000000090200000, 0x0000000090200000, 0x0000000090300000|  0%| F|  |TAMS 0x0000000090200000| PB 0x0000000090200000| Untracked |  0
| 259|0x0000000090300000, 0x0000000090300000, 0x0000000090400000|  0%| F|  |TAMS 0x0000000090300000| PB 0x0000000090300000| Untracked |  0
| 260|0x0000000090400000, 0x0000000090400000, 0x0000000090500000|  0%| F|  |TAMS 0x0000000090400000| PB 0x0000000090400000| Untracked |  0
| 261|0x0000000090500000, 0x0000000090500000, 0x0000000090600000|  0%| F|  |TAMS 0x0000000090500000| PB 0x0000000090500000| Untracked |  0
| 262|0x0000000090600000, 0x0000000090600000, 0x0000000090700000|  0%| F|  |TAMS 0x0000000090600000| PB 0x0000000090600000| Untracked |  0
| 263|0x0000000090700000, 0x0000000090700000, 0x0000000090800000|  0%| F|  |TAMS 0x0000000090700000| PB 0x0000000090700000| Untracked |  0
| 264|0x0000000090800000, 0x0000000090800000, 0x0000000090900000|  0%| F|  |TAMS 0x0000000090800000| PB 0x0000000090800000| Untracked |  0
| 265|0x0000000090900000, 0x0000000090900000, 0x0000000090a00000|  0%| F|  |TAMS 0x0000000090900000| PB 0x0000000090900000| Untracked |  0
| 266|0x0000000090a00000, 0x0000000090a00000, 0x0000000090b00000|  0%| F|  |TAMS 0x0000000090a00000| PB 0x0000000090a00000| Untracked |  0
| 267|0x0000000090b00000, 0x0000000090b00000, 0x0000000090c00000|  0%| F|  |TAMS 0x0000000090b00000| PB 0x0000000090b00000| Untracked |  0
| 268|0x0000000090c00000, 0x0000000090c00000, 0x0000000090d00000|  0%| F|  |TAMS 0x0000000090c00000| PB 0x0000000090c00000| Untracked |  0
| 269|0x0000000090d00000, 0x0000000090d00000, 0x0000000090e00000|  0%| F|  |TAMS 0x0000000090d00000| PB 0x0000000090d00000| Untracked |  0
| 270|0x0000000090e00000, 0x0000000090e00000, 0x0000000090f00000|  0%| F|  |TAMS 0x0000000090e00000| PB 0x0000000090e00000| Untracked |  0
| 271|0x0000000090f00000, 0x0000000090f00000, 0x0000000091000000|  0%| F|  |TAMS 0x0000000090f00000| PB 0x0000000090f00000| Untracked |  0
| 272|0x0000000091000000, 0x0000000091000000, 0x0000000091100000|  0%| F|  |TAMS 0x0000000091000000| PB 0x0000000091000000| Untracked |  0
| 273|0x0000000091100000, 0x0000000091100000, 0x0000000091200000|  0%| F|  |TAMS 0x0000000091100000| PB 0x0000000091100000| Untracked |  0
| 274|0x0000000091200000, 0x0000000091200000, 0x0000000091300000|  0%| F|  |TAMS 0x0000000091200000| PB 0x0000000091200000| Untracked |  0
| 275|0x0000000091300000, 0x0000000091300000, 0x0000000091400000|  0%| F|  |TAMS 0x0000000091300000| PB 0x0000000091300000| Untracked |  0
| 276|0x0000000091400000, 0x0000000091400000, 0x0000000091500000|  0%| F|  |TAMS 0x0000000091400000| PB 0x0000000091400000| Untracked |  0
| 277|0x0000000091500000, 0x0000000091500000, 0x0000000091600000|  0%| F|  |TAMS 0x0000000091500000| PB 0x0000000091500000| Untracked |  0
| 278|0x0000000091600000, 0x0000000091600000, 0x0000000091700000|  0%| F|  |TAMS 0x0000000091600000| PB 0x0000000091600000| Untracked |  0
| 279|0x0000000091700000, 0x0000000091700000, 0x0000000091800000|  0%| F|  |TAMS 0x0000000091700000| PB 0x0000000091700000| Untracked |  0
| 280|0x0000000091800000, 0x0000000091800000, 0x0000000091900000|  0%| F|  |TAMS 0x0000000091800000| PB 0x0000000091800000| Untracked |  0
| 281|0x0000000091900000, 0x0000000091900000, 0x0000000091a00000|  0%| F|  |TAMS 0x0000000091900000| PB 0x0000000091900000| Untracked |  0
| 282|0x0000000091a00000, 0x0000000091a00000, 0x0000000091b00000|  0%| F|  |TAMS 0x0000000091a00000| PB 0x0000000091a00000| Untracked |  0
| 283|0x0000000091b00000, 0x0000000091b00000, 0x0000000091c00000|  0%| F|  |TAMS 0x0000000091b00000| PB 0x0000000091b00000| Untracked |  0
| 284|0x0000000091c00000, 0x0000000091c00000, 0x0000000091d00000|  0%| F|  |TAMS 0x0000000091c00000| PB 0x0000000091c00000| Untracked |  0
| 285|0x0000000091d00000, 0x0000000091d00000, 0x0000000091e00000|  0%| F|  |TAMS 0x0000000091d00000| PB 0x0000000091d00000| Untracked |  0
| 286|0x0000000091e00000, 0x0000000091e00000, 0x0000000091f00000|  0%| F|  |TAMS 0x0000000091e00000| PB 0x0000000091e00000| Untracked |  0
| 287|0x0000000091f00000, 0x0000000091f00000, 0x0000000092000000|  0%| F|  |TAMS 0x0000000091f00000| PB 0x0000000091f00000| Untracked |  0
| 288|0x0000000092000000, 0x0000000092000000, 0x0000000092100000|  0%| F|  |TAMS 0x0000000092000000| PB 0x0000000092000000| Untracked |  0
| 289|0x0000000092100000, 0x0000000092100000, 0x0000000092200000|  0%| F|  |TAMS 0x0000000092100000| PB 0x0000000092100000| Untracked |  0
| 290|0x0000000092200000, 0x0000000092200000, 0x0000000092300000|  0%| F|  |TAMS 0x0000000092200000| PB 0x0000000092200000| Untracked |  0
| 291|0x0000000092300000, 0x0000000092300000, 0x0000000092400000|  0%| F|  |TAMS 0x0000000092300000| PB 0x0000000092300000| Untracked |  0
| 292|0x0000000092400000, 0x0000000092400000, 0x0000000092500000|  0%| F|  |TAMS 0x0000000092400000| PB 0x0000000092400000| Untracked |  0
| 293|0x0000000092500000, 0x0000000092500000, 0x0000000092600000|  0%| F|  |TAMS 0x0000000092500000| PB 0x0000000092500000| Untracked |  0
| 294|0x0000000092600000, 0x0000000092600000, 0x0000000092700000|  0%| F|  |TAMS 0x0000000092600000| PB 0x0000000092600000| Untracked |  0
| 295|0x0000000092700000, 0x0000000092700000, 0x0000000092800000|  0%| F|  |TAMS 0x0000000092700000| PB 0x0000000092700000| Untracked |  0
| 296|0x0000000092800000, 0x0000000092800000, 0x0000000092900000|  0%| F|  |TAMS 0x0000000092800000| PB 0x0000000092800000| Untracked |  0
| 297|0x0000000092900000, 0x0000000092900000, 0x0000000092a00000|  0%| F|  |TAMS 0x0000000092900000| PB 0x0000000092900000| Untracked |  0
| 298|0x0000000092a00000, 0x0000000092a00000, 0x0000000092b00000|  0%| F|  |TAMS 0x0000000092a00000| PB 0x0000000092a00000| Untracked |  0
| 299|0x0000000092b00000, 0x0000000092b00000, 0x0000000092c00000|  0%| F|  |TAMS 0x0000000092b00000| PB 0x0000000092b00000| Untracked |  0
| 300|0x0000000092c00000, 0x0000000092c00000, 0x0000000092d00000|  0%| F|  |TAMS 0x0000000092c00000| PB 0x0000000092c00000| Untracked |  0
| 301|0x0000000092d00000, 0x0000000092d00000, 0x0000000092e00000|  0%| F|  |TAMS 0x0000000092d00000| PB 0x0000000092d00000| Untracked |  0
| 302|0x0000000092e00000, 0x0000000092e00000, 0x0000000092f00000|  0%| F|  |TAMS 0x0000000092e00000| PB 0x0000000092e00000| Untracked |  0
| 303|0x0000000092f00000, 0x0000000092f00000, 0x0000000093000000|  0%| F|  |TAMS 0x0000000092f00000| PB 0x0000000092f00000| Untracked |  0
| 304|0x0000000093000000, 0x0000000093000000, 0x0000000093100000|  0%| F|  |TAMS 0x0000000093000000| PB 0x0000000093000000| Untracked |  0
| 305|0x0000000093100000, 0x0000000093100000, 0x0000000093200000|  0%| F|  |TAMS 0x0000000093100000| PB 0x0000000093100000| Untracked |  0
| 306|0x0000000093200000, 0x0000000093200000, 0x0000000093300000|  0%| F|  |TAMS 0x0000000093200000| PB 0x0000000093200000| Untracked |  0
| 307|0x0000000093300000, 0x0000000093300000, 0x0000000093400000|  0%| F|  |TAMS 0x0000000093300000| PB 0x0000000093300000| Untracked |  0
| 308|0x0000000093400000, 0x0000000093400000, 0x0000000093500000|  0%| F|  |TAMS 0x0000000093400000| PB 0x0000000093400000| Untracked |  0
| 309|0x0000000093500000, 0x0000000093500000, 0x0000000093600000|  0%| F|  |TAMS 0x0000000093500000| PB 0x0000000093500000| Untracked |  0
| 310|0x0000000093600000, 0x0000000093600000, 0x0000000093700000|  0%| F|  |TAMS 0x0000000093600000| PB 0x0000000093600000| Untracked |  0
| 311|0x0000000093700000, 0x0000000093700000, 0x0000000093800000|  0%| F|  |TAMS 0x0000000093700000| PB 0x0000000093700000| Untracked |  0
| 312|0x0000000093800000, 0x0000000093800000, 0x0000000093900000|  0%| F|  |TAMS 0x0000000093800000| PB 0x0000000093800000| Untracked |  0
| 313|0x0000000093900000, 0x0000000093900000, 0x0000000093a00000|  0%| F|  |TAMS 0x0000000093900000| PB 0x0000000093900000| Untracked |  0
| 314|0x0000000093a00000, 0x0000000093a00000, 0x0000000093b00000|  0%| F|  |TAMS 0x0000000093a00000| PB 0x0000000093a00000| Untracked |  0
| 315|0x0000000093b00000, 0x0000000093c00000, 0x0000000093c00000|100%| S|CS|TAMS 0x0000000093b00000| PB 0x0000000093b00000| Complete |  0
| 316|0x0000000093c00000, 0x0000000093d00000, 0x0000000093d00000|100%| S|CS|TAMS 0x0000000093c00000| PB 0x0000000093c00000| Complete |  0
| 317|0x0000000093d00000, 0x0000000093e00000, 0x0000000093e00000|100%| S|CS|TAMS 0x0000000093d00000| PB 0x0000000093d00000| Complete |  0
| 318|0x0000000093e00000, 0x0000000093f00000, 0x0000000093f00000|100%| S|CS|TAMS 0x0000000093e00000| PB 0x0000000093e00000| Complete |  0
| 319|0x0000000093f00000, 0x0000000093f00000, 0x0000000094000000|  0%| F|  |TAMS 0x0000000093f00000| PB 0x0000000093f00000| Untracked |  0
| 320|0x0000000094000000, 0x0000000094000000, 0x0000000094100000|  0%| F|  |TAMS 0x0000000094000000| PB 0x0000000094000000| Untracked |  0
| 321|0x0000000094100000, 0x0000000094100000, 0x0000000094200000|  0%| F|  |TAMS 0x0000000094100000| PB 0x0000000094100000| Untracked |  0
| 322|0x0000000094200000, 0x0000000094200000, 0x0000000094300000|  0%| F|  |TAMS 0x0000000094200000| PB 0x0000000094200000| Untracked |  0
| 323|0x0000000094300000, 0x0000000094300000, 0x0000000094400000|  0%| F|  |TAMS 0x0000000094300000| PB 0x0000000094300000| Untracked |  0
| 324|0x0000000094400000, 0x0000000094400000, 0x0000000094500000|  0%| F|  |TAMS 0x0000000094400000| PB 0x0000000094400000| Untracked |  0
| 325|0x0000000094500000, 0x0000000094500000, 0x0000000094600000|  0%| F|  |TAMS 0x0000000094500000| PB 0x0000000094500000| Untracked |  0
| 326|0x0000000094600000, 0x0000000094600000, 0x0000000094700000|  0%| F|  |TAMS 0x0000000094600000| PB 0x0000000094600000| Untracked |  0
| 327|0x0000000094700000, 0x0000000094700000, 0x0000000094800000|  0%| F|  |TAMS 0x0000000094700000| PB 0x0000000094700000| Untracked |  0
| 328|0x0000000094800000, 0x0000000094800000, 0x0000000094900000|  0%| F|  |TAMS 0x0000000094800000| PB 0x0000000094800000| Untracked |  0
| 329|0x0000000094900000, 0x0000000094900000, 0x0000000094a00000|  0%| F|  |TAMS 0x0000000094900000| PB 0x0000000094900000| Untracked |  0
| 330|0x0000000094a00000, 0x0000000094a00000, 0x0000000094b00000|  0%| F|  |TAMS 0x0000000094a00000| PB 0x0000000094a00000| Untracked |  0
| 331|0x0000000094b00000, 0x0000000094b00000, 0x0000000094c00000|  0%| F|  |TAMS 0x0000000094b00000| PB 0x0000000094b00000| Untracked |  0
| 332|0x0000000094c00000, 0x0000000094c00000, 0x0000000094d00000|  0%| F|  |TAMS 0x0000000094c00000| PB 0x0000000094c00000| Untracked |  0
|2034|0x00000000ff200000, 0x00000000ff200000, 0x00000000ff300000|  0%| F|  |TAMS 0x00000000ff200000| PB 0x00000000ff200000| Untracked |  0
|2035|0x00000000ff300000, 0x00000000ff300000, 0x00000000ff400000|  0%| F|  |TAMS 0x00000000ff300000| PB 0x00000000ff300000| Untracked |  0
|2036|0x00000000ff400000, 0x00000000ff400000, 0x00000000ff500000|  0%| F|  |TAMS 0x00000000ff400000| PB 0x00000000ff400000| Untracked |  0
|2037|0x00000000ff500000, 0x00000000ff500000, 0x00000000ff600000|  0%| F|  |TAMS 0x00000000ff500000| PB 0x00000000ff500000| Untracked |  0
|2038|0x00000000ff600000, 0x00000000ff600000, 0x00000000ff700000|  0%| F|  |TAMS 0x00000000ff600000| PB 0x00000000ff600000| Untracked |  0
|2039|0x00000000ff700000, 0x00000000ff700000, 0x00000000ff800000|  0%| F|  |TAMS 0x00000000ff700000| PB 0x00000000ff700000| Untracked |  0
|2040|0x00000000ff800000, 0x00000000ff800000, 0x00000000ff900000|  0%| F|  |TAMS 0x00000000ff800000| PB 0x00000000ff800000| Untracked |  0
|2041|0x00000000ff900000, 0x00000000ff900000, 0x00000000ffa00000|  0%| F|  |TAMS 0x00000000ff900000| PB 0x00000000ff900000| Untracked |  0
|2042|0x00000000ffa00000, 0x00000000ffa00000, 0x00000000ffb00000|  0%| F|  |TAMS 0x00000000ffa00000| PB 0x00000000ffa00000| Untracked |  0
|2043|0x00000000ffb00000, 0x00000000ffb00000, 0x00000000ffc00000|  0%| F|  |TAMS 0x00000000ffb00000| PB 0x00000000ffb00000| Untracked |  0
|2044|0x00000000ffc00000, 0x00000000ffc00000, 0x00000000ffd00000|  0%| F|  |TAMS 0x00000000ffc00000| PB 0x00000000ffc00000| Untracked |  0
|2045|0x00000000ffd00000, 0x00000000ffe00000, 0x00000000ffe00000|100%| O|  |TAMS 0x00000000ffd00000| PB 0x00000000ffd00000| Untracked |  0
|2046|0x00000000ffe00000, 0x00000000fff00000, 0x00000000fff00000|100%| O|  |TAMS 0x00000000ffe00000| PB 0x00000000ffe00000| Untracked |  0
|2047|0x00000000fff00000, 0x00000000fff00000, 0x0000000100000000|  0%| F|  |TAMS 0x00000000fff00000| PB 0x00000000fff00000| Untracked |  0

Card table byte_map: [0x00000237c65a0000,0x00000237c69a0000] _byte_map_base: 0x00000237c61a0000

Marking Bits: (CMBitMap*) 0x00000237b3cfc8c0
 Bits: [0x00000237c69a0000, 0x00000237c89a0000)

Polling page: 0x00000237b1aa0000

Metaspace:
Metaspace        used 157841K, committed 160064K, reserved 1245184K
 class space     used 21742K, committed 22784K, reserved 1048576K

Usage:
  Non-class:    132.91 MB used.
      Class:     21.23 MB used.
       Both:    154.14 MB used.

Virtual space:
  Non-class space:      192.00 MB reserved,     134.06 MB ( 70%) committed,  3 nodes.
      Class space:        1.00 GB reserved,      22.25 MB (  2%) committed,  1 nodes.
             Both:        1.19 GB reserved,     156.31 MB ( 13%) committed. 

Chunk freelists:
   Non-Class:  9.69 MB
       Class:  9.66 MB
        Both:  19.35 MB

MaxMetaspaceSize: unlimited
CompressedClassSpaceSize: 1.00 GB
Initial GC threshold: 21.00 MB
Current GC threshold: 259.94 MB
CDS: off
 - commit_granule_bytes: 65536.
 - commit_granule_words: 8192.
 - virtual_space_node_default_size: 8388608.
 - enlarge_chunks_in_place: 1.
UseCompressedClassPointers 1, UseCompactObjectHeaders 0
Narrow klass pointer bits 32, Max shift 3
Narrow klass base: 0x0000000000000000, Narrow klass shift: 0
Encoding Range: [0x0000000000000000 - 0x0000000100000000), (4294967296 bytes)
Klass Range:    [0x0000000016000000 - 0x0000000056000000), (1073741824 bytes)
Klass ID Range:  [369098752 - 1442840569) (1073741817)
No protection zone.


Internal statistics:

num_allocs_failed_limit: 6.
num_arena_births: 4018.
num_arena_deaths: 0.
num_vsnodes_births: 4.
num_vsnodes_deaths: 0.
num_space_committed: 2501.
num_space_uncommitted: 0.
num_chunks_returned_to_freelist: 6.
num_chunks_taken_from_freelist: 9941.
num_chunk_merges: 6.
num_chunk_splits: 7145.
num_chunks_enlarged: 5267.
num_inconsistent_stats: 0.

CodeHeap 'non-profiled nmethods': size=120064Kb used=5867Kb max_used=5867Kb free=114197Kb
 bounds [0x00000237bec60000, 0x00000237bf220000, 0x00000237c61a0000]
CodeHeap 'profiled nmethods': size=120064Kb used=18161Kb max_used=18161Kb free=101902Kb
 bounds [0x00000237b7190000, 0x00000237b8350000, 0x00000237be6d0000]
CodeHeap 'non-nmethods': size=5696Kb used=2278Kb max_used=2420Kb free=3417Kb
 bounds [0x00000237be6d0000, 0x00000237be940000, 0x00000237bec60000]
CodeCache: size=245824Kb, used=26306Kb, max_used=26448Kb, free=219516Kb
 total_blobs=12483, nmethods=11344, adapters=1040, full_count=0
Compilation: enabled, stopped_count=0, restarted_count=0

Compilation events (20 events):
Event: 1287.766 Thread 0x00000237cab40850 15719       3       org.jetbrains.kotlin.fir.types.ConeTypeContext::isIntegerLiteralType (11 bytes)
Event: 1287.767 Thread 0x00000237cab40850 nmethod 15719 0x00000237b8346c08 code [0x00000237b8346d00, 0x00000237b8347378]
Event: 1287.767 Thread 0x00000237cab40850 15720       3       org.jetbrains.kotlin.types.model.TypeSystemContext::asCapturedTypeUnwrappingDnn (20 bytes)
Event: 1287.768 Thread 0x00000237cab40850 nmethod 15720 0x00000237b8347408 code [0x00000237b8347500, 0x00000237b8347c58]
Event: 1287.772 Thread 0x00000237cab40850 15721       3       org.jetbrains.kotlin.resolve.calls.inference.model.NewConstraintSystemImpl::unwrapStubTypeVariableConstructor (17 bytes)
Event: 1287.773 Thread 0x00000237cab40850 nmethod 15721 0x00000237b8347c88 code [0x00000237b8347d80, 0x00000237b8348410]
Event: 1287.773 Thread 0x00000237cab40850 15722       3       org.jetbrains.kotlin.fir.types.ConeTypeContext::unwrapStubTypeVariableConstructor (53 bytes)
Event: 1287.774 Thread 0x00000237cab40850 nmethod 15722 0x00000237b8348488 code [0x00000237b8348580, 0x00000237b83491e0]
Event: 1287.774 Thread 0x00000237cab40850 15723       3       org.jetbrains.kotlin.resolve.calls.inference.components.ConstraintInjector$TypeCheckerStateForConstraintInjector::unwrapStubTypeVariableConstructor (17 bytes)
Event: 1287.776 Thread 0x00000237cab40850 nmethod 15723 0x00000237b8349208 code [0x00000237b8349300, 0x00000237b8349ec8]
Event: 1287.776 Thread 0x00000237cab40850 15724       3       org.jetbrains.kotlin.fir.resolve.ToSymbolUtilsKt::toSymbol (160 bytes)
Event: 1287.779 Thread 0x00000237cab40850 nmethod 15724 0x00000237b8349f08 code [0x00000237b834a000, 0x00000237b834be50]
Event: 1287.779 Thread 0x00000237cab40850 15725       3       org.jetbrains.kotlin.resolve.calls.inference.model.NewConstraintSystemImpl::isError (17 bytes)
Event: 1287.780 Thread 0x00000237cab40850 nmethod 15725 0x00000237b834be88 code [0x00000237b834bf80, 0x00000237b834c618]
Event: 1287.876 Thread 0x00000237cab56f80 15726       4       org.jetbrains.kotlin.metadata.ProtoBuf$TypeParameter$1::parsePartialFrom (7 bytes)
Event: 1287.879 Thread 0x00000237cab56f80 nmethod 15726 0x00000237bf217788 code [0x00000237bf217880, 0x00000237bf2179a8]
Event: 1287.879 Thread 0x00000237cab56f80 15727       4       org.jetbrains.kotlin.metadata.ProtoBuf$TypeParameter$1::parsePartialFrom (11 bytes)
Event: 1287.881 Thread 0x00000237cab56f80 nmethod 15727 0x00000237bf217a88 code [0x00000237bf217b80, 0x00000237bf217ca8]
Event: 1287.937 Thread 0x00000237cab56f80 15728   !   4       org.jetbrains.kotlin.metadata.ProtoBuf$Annotation$Argument$Value::<init> (719 bytes)
Event: 1288.026 Thread 0x00000237cab56f80 nmethod 15728 0x00000237bf217d88 code [0x00000237bf217f00, 0x00000237bf21ab08]

GC Heap Usage History (20 events):
Event: 1216.827 {heap After GC invocations=72 (full 0):
 garbage-first heap   total reserved 2097152K, committed 295936K, used 181239K [0x0000000080000000, 0x0000000100000000)
  region size 1024K, 4 young (4096K), 4 survivors (4096K)
}
Event: 1222.162 {heap Before GC invocations=72 (full 0):
 garbage-first heap   total reserved 2097152K, committed 295936K, used 228343K [0x0000000080000000, 0x0000000100000000)
  region size 1024K, 45 young (46080K), 4 survivors (4096K)
}
Event: 1222.245 {heap After GC invocations=73 (full 0):
 garbage-first heap   total reserved 2097152K, committed 295936K, used 185517K [0x0000000080000000, 0x0000000100000000)
  region size 1024K, 6 young (6144K), 6 survivors (6144K)
}
Event: 1223.027 {heap Before GC invocations=73 (full 0):
 garbage-first heap   total reserved 2097152K, committed 295936K, used 193709K [0x0000000080000000, 0x0000000100000000)
  region size 1024K, 14 young (14336K), 6 survivors (6144K)
}
Event: 1223.065 {heap After GC invocations=74 (full 0):
 garbage-first heap   total reserved 2097152K, committed 295936K, used 186880K [0x0000000080000000, 0x0000000100000000)
  region size 1024K, 1 young (1024K), 1 survivors (1024K)
}
Event: 1234.177 {heap Before GC invocations=75 (full 0):
 garbage-first heap   total reserved 2097152K, committed 295936K, used 156160K [0x0000000080000000, 0x0000000100000000)
  region size 1024K, 14 young (14336K), 1 survivors (1024K)
}
Event: 1234.195 {heap After GC invocations=76 (full 0):
 garbage-first heap   total reserved 2097152K, committed 295936K, used 143007K [0x0000000080000000, 0x0000000100000000)
  region size 1024K, 2 young (2048K), 2 survivors (2048K)
}
Event: 1270.963 {heap Before GC invocations=76 (full 0):
 garbage-first heap   total reserved 2097152K, committed 295936K, used 238239K [0x0000000080000000, 0x0000000100000000)
  region size 1024K, 87 young (89088K), 2 survivors (2048K)
}
Event: 1271.079 {heap After GC invocations=77 (full 0):
 garbage-first heap   total reserved 2097152K, committed 355328K, used 138694K [0x0000000080000000, 0x0000000100000000)
  region size 1024K, 4 young (4096K), 4 survivors (4096K)
}
Event: 1276.949 {heap Before GC invocations=77 (full 0):
 garbage-first heap   total reserved 2097152K, committed 355328K, used 196038K [0x0000000080000000, 0x0000000100000000)
  region size 1024K, 60 young (61440K), 4 survivors (4096K)
}
Event: 1277.157 {heap After GC invocations=78 (full 0):
 garbage-first heap   total reserved 2097152K, committed 355328K, used 155648K [0x0000000080000000, 0x0000000100000000)
  region size 1024K, 8 young (8192K), 8 survivors (8192K)
}
Event: 1277.552 {heap Before GC invocations=78 (full 0):
 garbage-first heap   total reserved 2097152K, committed 355328K, used 164864K [0x0000000080000000, 0x0000000100000000)
  region size 1024K, 17 young (17408K), 8 survivors (8192K)
}
Event: 1277.699 {heap After GC invocations=79 (full 0):
 garbage-first heap   total reserved 2097152K, committed 355328K, used 160256K [0x0000000080000000, 0x0000000100000000)
  region size 1024K, 3 young (3072K), 3 survivors (3072K)
}
Event: 1278.722 {heap Before GC invocations=79 (full 0):
 garbage-first heap   total reserved 2097152K, committed 355328K, used 174592K [0x0000000080000000, 0x0000000100000000)
  region size 1024K, 17 young (17408K), 3 survivors (3072K)
}
Event: 1278.829 {heap After GC invocations=80 (full 0):
 garbage-first heap   total reserved 2097152K, committed 355328K, used 167424K [0x0000000080000000, 0x0000000100000000)
  region size 1024K, 3 young (3072K), 3 survivors (3072K)
}
Event: 1282.014 {heap Before GC invocations=81 (full 0):
 garbage-first heap   total reserved 2097152K, committed 355328K, used 182784K [0x0000000080000000, 0x0000000100000000)
  region size 1024K, 17 young (17408K), 3 survivors (3072K)
}
Event: 1282.072 {heap After GC invocations=82 (full 0):
 garbage-first heap   total reserved 2097152K, committed 355328K, used 173056K [0x0000000080000000, 0x0000000100000000)
  region size 1024K, 3 young (3072K), 3 survivors (3072K)
}
Event: 1284.261 {heap Before GC invocations=82 (full 0):
 garbage-first heap   total reserved 2097152K, committed 355328K, used 200704K [0x0000000080000000, 0x0000000100000000)
  region size 1024K, 30 young (30720K), 3 survivors (3072K)
}
Event: 1284.327 {heap After GC invocations=83 (full 0):
 garbage-first heap   total reserved 2097152K, committed 355328K, used 179712K [0x0000000080000000, 0x0000000100000000)
  region size 1024K, 4 young (4096K), 4 survivors (4096K)
}
Event: 1288.049 {heap Before GC invocations=83 (full 0):
 garbage-first heap   total reserved 2097152K, committed 355328K, used 207360K [0x0000000080000000, 0x0000000100000000)
  region size 1024K, 30 young (30720K), 4 survivors (4096K)
}

Metaspace Usage History (20 events):
Event: 1216.827 {metaspace After GC invocations=72 (full 0):
 Metaspace       used 148505K, committed 150656K, reserved 1179648K
  class space    used 20584K, committed 21568K, reserved 1048576K
}
Event: 1222.162 {metaspace Before GC invocations=72 (full 0):
 Metaspace       used 151327K, committed 153472K, reserved 1245184K
  class space    used 20965K, committed 21952K, reserved 1048576K
}
Event: 1222.245 {metaspace After GC invocations=73 (full 0):
 Metaspace       used 151327K, committed 153472K, reserved 1245184K
  class space    used 20965K, committed 21952K, reserved 1048576K
}
Event: 1223.027 {metaspace Before GC invocations=73 (full 0):
 Metaspace       used 151864K, committed 154048K, reserved 1245184K
  class space    used 21045K, committed 22080K, reserved 1048576K
}
Event: 1223.065 {metaspace After GC invocations=74 (full 0):
 Metaspace       used 151864K, committed 154048K, reserved 1245184K
  class space    used 21045K, committed 22080K, reserved 1048576K
}
Event: 1234.177 {metaspace Before GC invocations=75 (full 0):
 Metaspace       used 152640K, committed 154752K, reserved 1245184K
  class space    used 21149K, committed 22144K, reserved 1048576K
}
Event: 1234.195 {metaspace After GC invocations=76 (full 0):
 Metaspace       used 152640K, committed 154752K, reserved 1245184K
  class space    used 21149K, committed 22144K, reserved 1048576K
}
Event: 1270.963 {metaspace Before GC invocations=76 (full 0):
 Metaspace       used 157404K, committed 159616K, reserved 1245184K
  class space    used 21723K, committed 22784K, reserved 1048576K
}
Event: 1271.079 {metaspace After GC invocations=77 (full 0):
 Metaspace       used 157404K, committed 159616K, reserved 1245184K
  class space    used 21723K, committed 22784K, reserved 1048576K
}
Event: 1276.949 {metaspace Before GC invocations=77 (full 0):
 Metaspace       used 157467K, committed 159680K, reserved 1245184K
  class space    used 21726K, committed 22784K, reserved 1048576K
}
Event: 1277.157 {metaspace After GC invocations=78 (full 0):
 Metaspace       used 157467K, committed 159680K, reserved 1245184K
  class space    used 21726K, committed 22784K, reserved 1048576K
}
Event: 1277.552 {metaspace Before GC invocations=78 (full 0):
 Metaspace       used 157487K, committed 159680K, reserved 1245184K
  class space    used 21726K, committed 22784K, reserved 1048576K
}
Event: 1277.699 {metaspace After GC invocations=79 (full 0):
 Metaspace       used 157487K, committed 159680K, reserved 1245184K
  class space    used 21726K, committed 22784K, reserved 1048576K
}
Event: 1278.722 {metaspace Before GC invocations=79 (full 0):
 Metaspace       used 157489K, committed 159680K, reserved 1245184K
  class space    used 21726K, committed 22784K, reserved 1048576K
}
Event: 1278.829 {metaspace After GC invocations=80 (full 0):
 Metaspace       used 157489K, committed 159680K, reserved 1245184K
  class space    used 21726K, committed 22784K, reserved 1048576K
}
Event: 1282.014 {metaspace Before GC invocations=81 (full 0):
 Metaspace       used 157644K, committed 159872K, reserved 1245184K
  class space    used 21726K, committed 22784K, reserved 1048576K
}
Event: 1282.072 {metaspace After GC invocations=82 (full 0):
 Metaspace       used 157644K, committed 159872K, reserved 1245184K
  class space    used 21726K, committed 22784K, reserved 1048576K
}
Event: 1284.261 {metaspace Before GC invocations=82 (full 0):
 Metaspace       used 157735K, committed 160000K, reserved 1245184K
  class space    used 21737K, committed 22784K, reserved 1048576K
}
Event: 1284.327 {metaspace After GC invocations=83 (full 0):
 Metaspace       used 157735K, committed 160000K, reserved 1245184K
  class space    used 21737K, committed 22784K, reserved 1048576K
}
Event: 1288.049 {metaspace Before GC invocations=83 (full 0):
 Metaspace       used 157841K, committed 160064K, reserved 1245184K
  class space    used 21742K, committed 22784K, reserved 1048576K
}

Dll operation events (3 events):
Event: 0.050 Loaded shared library C:\Program Files\Android\Android Studio\jbr\bin\java.dll
Event: 0.102 Loaded shared library C:\Program Files\Android\Android Studio\jbr\bin\zip.dll
Event: 19.069 Loaded shared library C:\Program Files\Android\Android Studio\jbr\bin\verify.dll

Deoptimization events (20 events):
Event: 1271.118 Thread 0x00000237d0465020 Uncommon trap: trap_request=0xffffffc6 fr.pc=0x00000237bf08fd7c relative=0x00000000000004fc
Event: 1271.118 Thread 0x00000237d0465020 Uncommon trap: reason=bimorphic_or_optimized_type_check action=maybe_recompile pc=0x00000237bf08fd7c method=org.gradle.internal.snapshot.MediumChildMap.withNode(Lorg/gradle/internal/snapshot/VfsRelativePath;Lorg/gradle/internal/snapshot/CaseSensitivity;Lo
Event: 1271.118 Thread 0x00000237d0465020 DEOPT PACKING pc=0x00000237bf08fd7c sp=0x0000005dac1f4d70
Event: 1271.118 Thread 0x00000237d0465020 DEOPT UNPACKING pc=0x00000237be754602 sp=0x0000005dac1f4cf8 mode 2
Event: 1283.036 Thread 0x00000237d0465020 Uncommon trap: trap_request=0xffffff45 fr.pc=0x00000237bec6bf84 relative=0x0000000000000304
Event: 1283.036 Thread 0x00000237d0465020 Uncommon trap: reason=unstable_if action=reinterpret pc=0x00000237bec6bf84 method=kotlin.text.StringsKt__StringsJVMKt.startsWith(Ljava/lang/String;Ljava/lang/String;Z)Z @ 14 c2
Event: 1283.036 Thread 0x00000237d0465020 DEOPT PACKING pc=0x00000237bec6bf84 sp=0x0000005dac1f16c0
Event: 1283.036 Thread 0x00000237d0465020 DEOPT UNPACKING pc=0x00000237be754602 sp=0x0000005dac1f1690 mode 2
Event: 1283.037 Thread 0x00000237d0465020 Uncommon trap: trap_request=0xffffff3d fr.pc=0x00000237bed36e3c relative=0x00000000000002bc
Event: 1283.037 Thread 0x00000237d0465020 Uncommon trap: reason=unstable_fused_if action=reinterpret pc=0x00000237bed36e3c method=java.lang.CharacterDataLatin1.equalsIgnoreCase(BB)Z @ 16 c2
Event: 1283.037 Thread 0x00000237d0465020 DEOPT PACKING pc=0x00000237bed36e3c sp=0x0000005dac1f1570
Event: 1283.037 Thread 0x00000237d0465020 DEOPT UNPACKING pc=0x00000237be754602 sp=0x0000005dac1f13c8 mode 2
Event: 1283.037 Thread 0x00000237d0465020 Uncommon trap: trap_request=0xffffff45 fr.pc=0x00000237bee1eb54 relative=0x0000000000000054
Event: 1283.037 Thread 0x00000237d0465020 Uncommon trap: reason=unstable_if action=reinterpret pc=0x00000237bee1eb54 method=kotlin.text.CharsKt__CharKt.equals(CCZ)Z @ 8 c2
Event: 1283.037 Thread 0x00000237d0465020 DEOPT PACKING pc=0x00000237bee1eb54 sp=0x0000005dac1f1620
Event: 1283.037 Thread 0x00000237d0465020 DEOPT UNPACKING pc=0x00000237be754602 sp=0x0000005dac1f1598 mode 2
Event: 1283.417 Thread 0x00000237d0465020 Uncommon trap: trap_request=0xffffffde fr.pc=0x00000237bf016b3c relative=0x0000000000004cbc
Event: 1283.418 Thread 0x00000237d0465020 Uncommon trap: reason=class_check action=maybe_recompile pc=0x00000237bf016b3c method=org.jetbrains.org.objectweb.asm.ClassReader.readMethod(Lorg/jetbrains/org/objectweb/asm/ClassVisitor;Lorg/jetbrains/org/objectweb/asm/Context;I)I @ 668 c2
Event: 1283.418 Thread 0x00000237d0465020 DEOPT PACKING pc=0x00000237bf016b3c sp=0x0000005dac1f12a0
Event: 1283.418 Thread 0x00000237d0465020 DEOPT UNPACKING pc=0x00000237be754602 sp=0x0000005dac1f1288 mode 2

Classes loaded (20 events):
Event: 1218.328 Loading class sun/security/util/Length
Event: 1218.328 Loading class sun/security/util/Length done
Event: 1218.328 Loading class javax/crypto/SecretKey
Event: 1218.329 Loading class javax/crypto/SecretKey done
Event: 1218.330 Loading class java/util/Base64
Event: 1218.330 Loading class java/util/Base64 done
Event: 1218.331 Loading class java/util/Base64$Decoder
Event: 1218.331 Loading class java/util/Base64$Decoder done
Event: 1218.332 Loading class java/util/Base64$Encoder
Event: 1218.332 Loading class java/util/Base64$Encoder done
Event: 1218.335 Loading class java/util/jar/JarVerifier$VerifierStream
Event: 1218.336 Loading class java/util/jar/JarVerifier$VerifierStream done
Event: 1218.336 Loading class sun/security/util/ManifestEntryVerifier$SunProviderHolder
Event: 1218.336 Loading class sun/security/util/ManifestEntryVerifier$SunProviderHolder done
Event: 1218.975 Loading class sun/security/util/MemoryCache$QueueCacheEntry
Event: 1218.976 Loading class sun/security/util/MemoryCache$QueueCacheEntry done
Event: 1219.286 Loading class java/security/KeyStore$ProtectionParameter
Event: 1219.286 Loading class java/security/KeyStore$ProtectionParameter done
Event: 1232.955 Loading class java/security/KeyStore
Event: 1232.996 Loading class java/security/KeyStore done

Classes unloaded (0 events):
No events

Classes redefined (0 events):
No events

Internal exceptions (20 events):
Event: 1270.816 Thread 0x00000237d0465020 Exception <a 'sun/nio/fs/WindowsException'{0x000000008c77d4a8}> (0x000000008c77d4a8) 
thrown [s\src\hotspot\share\prims\jni.cpp, line 535]
Event: 1271.116 Thread 0x00000237d0465020 Exception <a 'sun/nio/fs/WindowsException'{0x00000000fff0bf98}> (0x00000000fff0bf98) 
thrown [s\src\hotspot\share\prims\jni.cpp, line 535]
Event: 1271.129 Thread 0x00000237d0465020 Exception <a 'sun/nio/fs/WindowsException'{0x00000000fff10da0}> (0x00000000fff10da0) 
thrown [s\src\hotspot\share\prims\jni.cpp, line 535]
Event: 1271.132 Thread 0x00000237d0465020 Exception <a 'sun/nio/fs/WindowsException'{0x00000000fff18698}> (0x00000000fff18698) 
thrown [s\src\hotspot\share\prims\jni.cpp, line 535]
Event: 1271.201 Thread 0x00000237d0465020 Exception <a 'sun/nio/fs/WindowsException'{0x00000000fff22668}> (0x00000000fff22668) 
thrown [s\src\hotspot\share\prims\jni.cpp, line 535]
Event: 1271.202 Thread 0x00000237d0465020 Exception <a 'sun/nio/fs/WindowsException'{0x00000000fff23ff8}> (0x00000000fff23ff8) 
thrown [s\src\hotspot\share\prims\jni.cpp, line 535]
Event: 1271.203 Thread 0x00000237d0465020 Exception <a 'sun/nio/fs/WindowsException'{0x00000000fff27888}> (0x00000000fff27888) 
thrown [s\src\hotspot\share\prims\jni.cpp, line 535]
Event: 1271.203 Thread 0x00000237d0465020 Exception <a 'sun/nio/fs/WindowsException'{0x00000000fff29700}> (0x00000000fff29700) 
thrown [s\src\hotspot\share\prims\jni.cpp, line 535]
Event: 1271.209 Thread 0x00000237d0465020 Exception <a 'sun/nio/fs/WindowsException'{0x00000000fff2e628}> (0x00000000fff2e628) 
thrown [s\src\hotspot\share\prims\jni.cpp, line 535]
Event: 1271.210 Thread 0x00000237d0465020 Exception <a 'sun/nio/fs/WindowsException'{0x00000000fff30518}> (0x00000000fff30518) 
thrown [s\src\hotspot\share\prims\jni.cpp, line 535]
Event: 1271.211 Thread 0x00000237d0465020 Exception <a 'sun/nio/fs/WindowsException'{0x00000000fff32680}> (0x00000000fff32680) 
thrown [s\src\hotspot\share\prims\jni.cpp, line 535]
Event: 1271.211 Thread 0x00000237d0465020 Exception <a 'sun/nio/fs/WindowsException'{0x00000000fff34ab8}> (0x00000000fff34ab8) 
thrown [s\src\hotspot\share\prims\jni.cpp, line 535]
Event: 1271.215 Thread 0x00000237d0465020 Exception <a 'sun/nio/fs/WindowsException'{0x00000000fff37c18}> (0x00000000fff37c18) 
thrown [s\src\hotspot\share\prims\jni.cpp, line 535]
Event: 1271.216 Thread 0x00000237d0465020 Exception <a 'sun/nio/fs/WindowsException'{0x00000000fff39ab8}> (0x00000000fff39ab8) 
thrown [s\src\hotspot\share\prims\jni.cpp, line 535]
Event: 1271.218 Thread 0x00000237d0465020 Exception <a 'sun/nio/fs/WindowsException'{0x00000000fff3c9d8}> (0x00000000fff3c9d8) 
thrown [s\src\hotspot\share\prims\jni.cpp, line 535]
Event: 1271.858 Thread 0x00000237d0465020 Exception <a 'sun/nio/fs/WindowsException'{0x00000000fff43d10}> (0x00000000fff43d10) 
thrown [s\src\hotspot\share\prims\jni.cpp, line 535]
Event: 1274.185 Thread 0x00000237d0465020 Exception <a 'sun/nio/fs/WindowsException'{0x00000000ffc539a8}> (0x00000000ffc539a8) 
thrown [s\src\hotspot\share\prims\jni.cpp, line 535]
Event: 1274.186 Thread 0x00000237d0465020 Exception <a 'sun/nio/fs/WindowsException'{0x00000000ffc55ad0}> (0x00000000ffc55ad0) 
thrown [s\src\hotspot\share\prims\jni.cpp, line 535]
Event: 1281.212 Thread 0x00000237d1fd85b0 Exception <a 'sun/nio/fs/WindowsException'{0x00000000ff808250}> (0x00000000ff808250) 
thrown [s\src\hotspot\share\prims\jni.cpp, line 535]
Event: 1283.100 Thread 0x00000237d0465020 Exception <a 'java/lang/NoSuchMethodError'{0x00000000ff8f26f0}: 'int java.lang.invoke.DirectMethodHandle$Holder.invokeStaticInit(java.lang.Object, int)'> (0x00000000ff8f26f0) 
thrown [s\src\hotspot\share\interpreter\linkResolver.cpp, line 815]

VM Operations (20 events):
Event: 1271.079 Executing safepoint VM operation: G1CollectForAllocation (G1 Evacuation Pause) done
Event: 1276.949 Executing safepoint VM operation: G1CollectForAllocation (G1 Evacuation Pause)
Event: 1277.158 Executing safepoint VM operation: G1CollectForAllocation (G1 Evacuation Pause) done
Event: 1277.552 Executing safepoint VM operation: G1CollectForAllocation (G1 Evacuation Pause)
Event: 1277.699 Executing safepoint VM operation: G1CollectForAllocation (G1 Evacuation Pause) done
Event: 1278.722 Executing safepoint VM operation: G1CollectForAllocation (G1 Evacuation Pause)
Event: 1278.830 Executing safepoint VM operation: G1CollectForAllocation (G1 Evacuation Pause) done
Event: 1279.884 Executing safepoint VM operation: G1PauseRemark
Event: 1280.646 Executing safepoint VM operation: G1PauseRemark done
Event: 1280.853 Executing safepoint VM operation: G1PauseCleanup
Event: 1280.878 Executing safepoint VM operation: G1PauseCleanup done
Event: 1282.014 Executing safepoint VM operation: G1CollectForAllocation (G1 Evacuation Pause)
Event: 1282.073 Executing safepoint VM operation: G1CollectForAllocation (G1 Evacuation Pause) done
Event: 1284.261 Executing safepoint VM operation: G1CollectForAllocation (G1 Evacuation Pause)
Event: 1284.327 Executing safepoint VM operation: G1CollectForAllocation (G1 Evacuation Pause) done
Event: 1286.066 Executing non-safepoint VM operation: HandshakeAllThreads (Deoptimize)
Event: 1286.066 Executing non-safepoint VM operation: HandshakeAllThreads (Deoptimize) done
Event: 1286.164 Executing non-safepoint VM operation: HandshakeAllThreads (Deoptimize)
Event: 1286.164 Executing non-safepoint VM operation: HandshakeAllThreads (Deoptimize) done
Event: 1288.049 Executing safepoint VM operation: G1CollectForAllocation (G1 Evacuation Pause)

Memory protections (0 events):
No events

Nmethod flushes (20 events):
Event: 1280.619 Thread 0x00000237b3d5e570 flushing  nmethod 0x00000237b7780d88
Event: 1280.619 Thread 0x00000237b3d5e570 flushing  nmethod 0x00000237b7781a08
Event: 1280.619 Thread 0x00000237b3d5e570 flushing  nmethod 0x00000237b7784288
Event: 1280.619 Thread 0x00000237b3d5e570 flushing  nmethod 0x00000237b7784888
Event: 1280.619 Thread 0x00000237b3d5e570 flushing  nmethod 0x00000237b77f0408
Event: 1280.619 Thread 0x00000237b3d5e570 flushing  nmethod 0x00000237b7a16408
Event: 1280.619 Thread 0x00000237b3d5e570 flushing  nmethod 0x00000237b7a24a08
Event: 1280.619 Thread 0x00000237b3d5e570 flushing  nmethod 0x00000237b7a63f88
Event: 1280.619 Thread 0x00000237b3d5e570 flushing  nmethod 0x00000237b7b37d08
Event: 1280.619 Thread 0x00000237b3d5e570 flushing  nmethod 0x00000237b80a1b08
Event: 1280.620 Thread 0x00000237b3d5e570 flushing  nmethod 0x00000237b81c2708
Event: 1280.620 Thread 0x00000237b3d5e570 flushing  nmethod 0x00000237b81c3688
Event: 1280.620 Thread 0x00000237b3d5e570 flushing  nmethod 0x00000237b81c4188
Event: 1280.620 Thread 0x00000237b3d5e570 flushing  nmethod 0x00000237b81c4c08
Event: 1280.620 Thread 0x00000237b3d5e570 flushing  nmethod 0x00000237b81c4f08
Event: 1280.620 Thread 0x00000237b3d5e570 flushing  nmethod 0x00000237b81cdc88
Event: 1280.620 Thread 0x00000237b3d5e570 flushing  nmethod 0x00000237b81ce988
Event: 1280.620 Thread 0x00000237b3d5e570 flushing  nmethod 0x00000237b81cf088
Event: 1280.620 Thread 0x00000237b3d5e570 flushing  nmethod 0x00000237b81d2a88
Event: 1280.620 Thread 0x00000237b3d5e570 flushing  nmethod 0x00000237b81d3688

Events (20 events):
Event: 32.719 Thread 0x00000237d0465020 Thread added: 0x00000237d0465fc0
Event: 33.023 Thread 0x00000237d0465020 Thread added: 0x00000237d0464850
Event: 33.281 Thread 0x00000237d0465020 Thread added: 0x00000237d04630e0
Event: 41.681 Thread 0x00000237d0465020 Thread added: 0x00000237d0464080
Event: 41.909 Thread 0x00000237d0465020 Thread added: 0x00000237d0467f00
Event: 42.961 Thread 0x00000237d0465020 Thread added: 0x00000237d0469670
Event: 297.987 Thread 0x00000237d0465020 Thread added: 0x00000237d20612a0
Event: 298.639 Thread 0x00000237d0465020 Thread added: 0x00000237d2061a70
Event: 302.279 Thread 0x00000237d0465020 Thread added: 0x00000237d2067060
Event: 302.322 Thread 0x00000237d0465020 Thread added: 0x00000237d2067830
Event: 303.873 Thread 0x00000237d0465020 Thread added: 0x00000237d20660c0
Event: 303.874 Thread 0x00000237d0465020 Thread added: 0x00000237d2064950
Event: 311.096 Thread 0x00000237d0465020 Thread added: 0x00000237d2b4b390
Event: 311.592 Thread 0x00000237d0465020 Thread added: 0x00000237d2b4a3f0
Event: 313.906 Thread 0x00000237d0465020 Thread added: 0x00000237d2b4abc0
Event: 314.234 Thread 0x00000237d0465020 Thread added: 0x00000237d2b4c330
Event: 322.063 Thread 0x00000237d0465020 Thread added: 0x00000237d386a810
Event: 322.264 Thread 0x00000237d0465020 Thread added: 0x00000237d386bf80
Event: 1123.126 Thread 0x00000237d0465020 Thread added: 0x00000237d1058fa0
Event: 1239.579 Thread 0x00000237d0465020 Thread added: 0x00000237d3869870


Dynamic libraries:
0x00007ff755840000 - 0x00007ff75584a000 	C:\Program Files\Android\Android Studio\jbr\bin\java.exe
0x00007ffb4a3a0000 - 0x00007ffb4a607000 	C:\WINDOWS\SYSTEM32\ntdll.dll
0x00007ffb483d0000 - 0x00007ffb4849b000 	C:\WINDOWS\System32\KERNEL32.DLL
0x00007ffb47940000 - 0x00007ffb47d42000 	C:\WINDOWS\System32\KERNELBASE.dll
0x00007ffb47ea0000 - 0x00007ffb47fec000 	C:\WINDOWS\System32\ucrtbase.dll
0x00007ffb2d190000 - 0x00007ffb2d1a6000 	C:\Program Files\Android\Android Studio\jbr\bin\jli.dll
0x00007ffb48140000 - 0x00007ffb4830f000 	C:\WINDOWS\System32\USER32.dll
0x00007ffb475a0000 - 0x00007ffb475c7000 	C:\WINDOWS\System32\win32u.dll
0x00007ffb4a110000 - 0x00007ffb4a13b000 	C:\WINDOWS\System32\GDI32.dll
0x00007ffb47810000 - 0x00007ffb47939000 	C:\WINDOWS\System32\gdi32full.dll
0x00007ffb47760000 - 0x00007ffb47803000 	C:\WINDOWS\System32\msvcp_win.dll
0x00007ffb420a0000 - 0x00007ffb420bb000 	C:\Program Files\Android\Android Studio\jbr\bin\VCRUNTIME140.dll
0x00007ffb2edb0000 - 0x00007ffb2f040000 	C:\WINDOWS\WinSxS\amd64_microsoft.windows.common-controls_6595b64144ccf1df_6.0.26100.9278_none_3e0d1ba8e3303201\COMCTL32.dll
0x00007ffb4a140000 - 0x00007ffb4a1e9000 	C:\WINDOWS\System32\msvcrt.dll
0x00007ffb484a0000 - 0x00007ffb484d1000 	C:\WINDOWS\System32\IMM32.DLL
0x00007ffb42090000 - 0x00007ffb4209c000 	C:\Program Files\Android\Android Studio\jbr\bin\vcruntime140_1.dll
0x00007ffb25bc0000 - 0x00007ffb25c4d000 	C:\Program Files\Android\Android Studio\jbr\bin\msvcp140.dll
0x00007ffad8010000 - 0x00007ffad8eed000 	C:\Program Files\Android\Android Studio\jbr\bin\server\jvm.dll
0x00007ffb49fc0000 - 0x00007ffb4a07c000 	C:\WINDOWS\System32\ADVAPI32.dll
0x00007ffb48320000 - 0x00007ffb483c9000 	C:\WINDOWS\System32\sechost.dll
0x00007ffb49e50000 - 0x00007ffb49f68000 	C:\WINDOWS\System32\RPCRT4.dll
0x00007ffb49dc0000 - 0x00007ffb49e40000 	C:\WINDOWS\System32\WS2_32.dll
0x00007ffb47400000 - 0x00007ffb4745e000 	C:\WINDOWS\SYSTEM32\POWRPROF.dll
0x00007ffb412b0000 - 0x00007ffb412e6000 	C:\WINDOWS\SYSTEM32\WINMM.dll
0x00007ffb412f0000 - 0x00007ffb412fb000 	C:\WINDOWS\SYSTEM32\VERSION.dll
0x00007ffb473e0000 - 0x00007ffb473f5000 	C:\WINDOWS\SYSTEM32\UMPDC.dll
0x00007ffb46270000 - 0x00007ffb4628b000 	C:\WINDOWS\SYSTEM32\kernel.appcore.dll
0x00007ffb41fe0000 - 0x00007ffb41fea000 	C:\Program Files\Android\Android Studio\jbr\bin\jimage.dll
0x00007ffb44860000 - 0x00007ffb44aac000 	C:\WINDOWS\SYSTEM32\DBGHELP.DLL
0x00007ffb484e0000 - 0x00007ffb48865000 	C:\WINDOWS\System32\combase.dll
0x00007ffb497c0000 - 0x00007ffb49899000 	C:\WINDOWS\System32\OLEAUT32.dll
0x00007ffb2d220000 - 0x00007ffb2d25b000 	C:\WINDOWS\SYSTEM32\dbgcore.DLL
0x00007ffb47de0000 - 0x00007ffb47e8c000 	C:\WINDOWS\System32\bcryptPrimitives.dll
0x00007ffb2f1e0000 - 0x00007ffb2f1ee000 	C:\Program Files\Android\Android Studio\jbr\bin\instrument.dll
0x00007ffb3c830000 - 0x00007ffb3c84e000 	C:\Program Files\Android\Android Studio\jbr\bin\java.dll
0x00007ffb48ca0000 - 0x00007ffb48e3a000 	C:\WINDOWS\System32\ole32.dll
0x00007ffb49020000 - 0x00007ffb497b8000 	C:\WINDOWS\System32\SHELL32.dll
0x00007ffb2f270000 - 0x00007ffb2f286000 	C:\Program Files\Android\Android Studio\jbr\bin\zip.dll
0x00007ffb45040000 - 0x00007ffb458ee000 	C:\WINDOWS\SYSTEM32\windows.storage.dll
0x00007ffb48a30000 - 0x00007ffb48b2b000 	C:\WINDOWS\System32\SHCORE.dll
0x00007ffb48b30000 - 0x00007ffb48b96000 	C:\WINDOWS\System32\shlwapi.dll
0x00007ffb474c0000 - 0x00007ffb474e9000 	C:\WINDOWS\SYSTEM32\profapi.dll
0x00007ffb3e490000 - 0x00007ffb3e4a0000 	C:\Program Files\Android\Android Studio\jbr\bin\net.dll
0x00007ffb46830000 - 0x00007ffb4689c000 	C:\WINDOWS\system32\mswsock.dll
0x00007ffb2f250000 - 0x00007ffb2f266000 	C:\Program Files\Android\Android Studio\jbr\bin\nio.dll
0x00007ffb2f290000 - 0x00007ffb2f2a0000 	C:\Program Files\Android\Android Studio\jbr\bin\verify.dll
0x00007ffb2c9e0000 - 0x00007ffb2ca07000 	C:\Users\NTHABISENG\.gradle\native\660c5614fbf4a5f2a75b1949f50a0caf5cd603558e7d8a26e50b933a0cfb79d1\windows-amd64\native-platform.dll
0x00007ffb153d0000 - 0x00007ffb15447000 	C:\Users\NTHABISENG\.gradle\native\0.2.8\x86_64-windows-gnu\gradle-fileevents.dll
0x00007ffb2f240000 - 0x00007ffb2f249000 	C:\Program Files\Android\Android Studio\jbr\bin\management.dll
0x00007ffb2f230000 - 0x00007ffb2f23b000 	C:\Program Files\Android\Android Studio\jbr\bin\management_ext.dll
0x00007ffb4a290000 - 0x00007ffb4a298000 	C:\WINDOWS\System32\PSAPI.DLL
0x00007ffb45d90000 - 0x00007ffb45dc3000 	C:\WINDOWS\SYSTEM32\IPHLPAPI.DLL
0x00007ffb4a1f0000 - 0x00007ffb4a1fa000 	C:\WINDOWS\System32\NSI.dll
0x00007ffb3c960000 - 0x00007ffb3c969000 	C:\Program Files\Android\Android Studio\jbr\bin\extnet.dll
0x00007ffb46b20000 - 0x00007ffb46b3b000 	C:\WINDOWS\SYSTEM32\CRYPTSP.dll
0x00007ffb461d0000 - 0x00007ffb46209000 	C:\WINDOWS\system32\rsaenh.dll
0x00007ffb468e0000 - 0x00007ffb46914000 	C:\WINDOWS\SYSTEM32\USERENV.dll
0x00007ffb47490000 - 0x00007ffb474ba000 	C:\WINDOWS\SYSTEM32\bcrypt.dll
0x00007ffb46b40000 - 0x00007ffb46b4c000 	C:\WINDOWS\SYSTEM32\CRYPTBASE.dll
0x00007ffb2e260000 - 0x00007ffb2e268000 	C:\WINDOWS\system32\wshunix.dll

JVMTI agents:
C:\Users\NTHABISENG\.gradle\wrapper\dists\gradle-9.6.0-bin\42k10rwplmzkhuboz9kdazi7s\gradle-9.6.0\lib\agents\gradle-instrumentation-agent-9.6.0.jar path:C:\Program Files\Android\Android Studio\jbr\bin\instrument.dll, loaded, initialized, instrumentlib options:none

dbghelp: loaded successfully - version: 4.0.5 - missing functions: none
symbol engine: initialized successfully - sym options: 0x614 - pdb path: .;C:\Program Files\Android\Android Studio\jbr\bin;C:\WINDOWS\SYSTEM32;C:\WINDOWS\WinSxS\amd64_microsoft.windows.common-controls_6595b64144ccf1df_6.0.26100.9278_none_3e0d1ba8e3303201;C:\Program Files\Android\Android Studio\jbr\bin\server;C:\Users\NTHABISENG\.gradle\native\660c5614fbf4a5f2a75b1949f50a0caf5cd603558e7d8a26e50b933a0cfb79d1\windows-amd64;C:\Users\NTHABISENG\.gradle\native\0.2.8\x86_64-windows-gnu

VM Arguments:
jvm_args: --add-opens=java.base/java.lang=ALL-UNNAMED --add-opens=java.base/java.lang.invoke=ALL-UNNAMED --add-opens=java.base/java.util=ALL-UNNAMED --add-opens=java.prefs/java.util.prefs=ALL-UNNAMED --add-exports=jdk.compiler/com.sun.tools.javac.api=ALL-UNNAMED --add-exports=jdk.compiler/com.sun.tools.javac.util=ALL-UNNAMED --add-opens=java.base/java.nio.charset=ALL-UNNAMED --add-opens=java.base/java.net=ALL-UNNAMED --add-opens=java.base/java.util.concurrent=ALL-UNNAMED --add-opens=java.base/java.util.concurrent.atomic=ALL-UNNAMED --add-opens=java.xml/javax.xml.namespace=ALL-UNNAMED --add-opens=java.base/java.time=ALL-UNNAMED --enable-native-access=ALL-UNNAMED -Xmx2048m -Dfile.encoding=UTF-8 -Duser.country=ZA -Duser.language=en -Duser.variant -javaagent:C:\Users\NTHABISENG\.gradle\wrapper\dists\gradle-9.6.0-bin\42k10rwplmzkhuboz9kdazi7s\gradle-9.6.0\lib\agents\gradle-instrumentation-agent-9.6.0.jar 
java_command: org.gradle.launcher.daemon.bootstrap.GradleDaemon 9.6.0
java_class_path (initial): C:\Users\NTHABISENG\.gradle\wrapper\dists\gradle-9.6.0-bin\42k10rwplmzkhuboz9kdazi7s\gradle-9.6.0\lib\gradle-daemon-main-9.6.0.jar
Launcher Type: SUN_STANDARD

[Global flags]
     intx CICompilerCount                          = 2                                         {product} {ergonomic}
     uint ConcGCThreads                            = 1                                         {product} {ergonomic}
     uint G1ConcRefinementThreads                  = 2                                         {product} {ergonomic}
   size_t G1HeapRegionSize                         = 1048576                                   {product} {ergonomic}
   size_t InitialHeapSize                          = 58720256                                  {product} {ergonomic}
   size_t MarkStackSize                            = 4194304                                   {product} {ergonomic}
   size_t MarkStackSizeMax                         = 536870912                                 {product} {ergonomic}
   size_t MaxHeapSize                              = 2147483648                                {product} {command line}
   size_t MaxNewSize                               = 1287651328                                {product} {ergonomic}
   size_t MinHeapDeltaBytes                        = 1048576                                   {product} {ergonomic}
   size_t MinHeapSize                              = 8388608                                   {product} {ergonomic}
    uintx NonNMethodCodeHeapSize                   = 5832704                                {pd product} {ergonomic}
    uintx NonProfiledCodeHeapSize                  = 122945536                              {pd product} {ergonomic}
    uintx ProfiledCodeHeapSize                     = 122945536                              {pd product} {ergonomic}
    uintx ReservedCodeCacheSize                    = 251723776                              {pd product} {ergonomic}
     bool SegmentedCodeCache                       = true                                      {product} {ergonomic}
   size_t SoftMaxHeapSize                          = 2147483648                             {manageable} {ergonomic}
     bool UseCompressedOops                        = true                           {product lp64_product} {ergonomic}
     bool UseG1GC                                  = true                                      {product} {ergonomic}
     bool UseLargePagesIndividualAllocation        = false                                  {pd product} {ergonomic}

Logging:
Log output configuration:
 #0: stdout all=warning uptime,level,tags foldmultilines=false
 #1: stderr all=off uptime,level,tags foldmultilines=false

Release file:
JAVA_VERSION="25.0.3" 
MODULES="java.base java.compiler java.datatransfer java.xml java.prefs java.desktop java.instrument java.logging java.management java.security.sasl java.naming java.rmi java.management.rmi java.net.http java.scripting java.security.jgss java.transaction.xa java.sql java.sql.rowset java.xml.crypto java.se java.smartcardio jdk.accessibility jdk.internal.jvmstat jdk.attach jdk.charsets jdk.internal.opt jdk.zipfs jdk.compiler jdk.crypto.cryptoki jdk.crypto.ec jdk.dynalink jdk.hotspot.agent jdk.httpserver jdk.internal.ed jdk.internal.le jdk.internal.md jdk.internal.vm.ci jdk.jartool jdk.javadoc jdk.jcmd jdk.jdeps jdk.jdwp.agent jdk.jdi jdk.jfr jdk.jlink jdk.localedata jdk.management jdk.management.agent jdk.management.jfr jdk.naming.dns jdk.naming.rmi jdk.net jdk.sctp jdk.security.auth jdk.security.jgss jdk.unsupported jdk.unsupported.desktop jdk.xml.dom" 
IMPLEMENTOR="JetBrains s.r.o." 
JAVA_RUNTIME_VERSION="25.0.3+-15898627-b508.16" 
LIBC="default" 
OS_ARCH="x86_64" 
OS_NAME="Windows" 
SOURCE=".:git:a8b1dba3234f" 

Environment Variables:
JAVA_HOME=C:\Program Files\Java\jdk-26
PATH=C:\Program Files\Common Files\Oracle\Java\javapath;C:\Program Files (x86)\Tellabs\T6300ECT\emgui\C++bin;C:\Program Files (x86)\Tellabs\T6300ECT\CT\bin;C:\Program Files (x86)\Tellabs\T6300ECT\CT\bin\ositp4;C:\WINDOWS\system32;C:\WINDOWS;C:\WINDOWS\System32\Wbem;C:\WINDOWS\System32\WindowsPowerShell\v1.0\;C:\WINDOWS\System32\OpenSSH\;C:\Program Files\Java\jdk-26\bin;C:\Program Files\Git\cmd;C:\Users\NTHABISENG\AppData\Local\Programs\Python\Python311\Scripts\;C:\Users\NTHABISENG\AppData\Local\Programs\Python\Python311\;C:\Users\NTHABISENG\AppData\Local\Microsoft\WindowsApps;C:\Users\NTHABISENG\AppData\Local\Programs\Microsoft VS Code\bin;C:\mysql-connector-j-26.7.0.jar;
USERNAME=NTHABISENG
OS=Windows_NT
PROCESSOR_IDENTIFIER=AMD64 Family 23 Model 32 Stepping 1, AuthenticAMD
TMP=C:\Users\NTHABI~1\AppData\Local\Temp
TEMP=C:\Users\NTHABI~1\AppData\Local\Temp




Compilation memory statistics disabled.

Periodic native trim disabled

JNI global refs:
JNI global refs: 20, weak refs: 0

JNI global refs memory usage: 835, weak refs: 833

Process memory usage:
Resident Set Size: 250860K (6% of 3583736K total physical memory with 95100K free physical memory)

OOME stack traces (most recent first):
Classloader memory used:
Loader org.gradle.internal.classloader.VisitableURLClassLoader                         : 103 M
Loader bootstrap                                                                       : 26081 K
Loader org.gradle.internal.classloader.VisitableURLClassLoader$InstrumentingVisitableURLClassLoader: 12392 K
Loader org.gradle.initialization.MixInLegacyTypesClassLoader                           : 11566 K
Loader org.gradle.internal.classloader.VisitableURLClassLoader                         : 1124 K
Loader jdk.internal.jrtfs.JrtFileSystemProvider$JrtFsLoader                            : 326 K
Loader jdk.internal.loader.ClassLoaders$PlatformClassLoader                            : 201 K
Loader jdk.internal.loader.ClassLoaders$AppClassLoader                                 : 186 K
Loader org.gradle.groovy.scripts.internal.DefaultScriptCompilationHandler$ScriptClassLoader: 89808 B

Classes loaded by more than one classloader:
Class Program                                                                         : loaded 4 times (x 76B)
Class com.google.common.collect.PeekingIterator                                       : loaded 3 times (x 72B)
Class com.google.common.base.Preconditions                                            : loaded 3 times (x 73B)
Class org.gradle.internal.IoActions                                                   : loaded 3 times (x 73B)
Class org.gradle.api.GradleException                                                  : loaded 3 times (x 84B)
Class org.gradle.api.Action                                                           : loaded 3 times (x 72B)
Class org.gradle.internal.Cast                                                        : loaded 3 times (x 73B)
Class com.google.common.collect.ImmutableList                                         : loaded 3 times (x 208B)
Class com.google.common.collect.Iterators$9                                           : loaded 3 times (x 83B)
Class com.google.common.collect.Lists                                                 : loaded 3 times (x 73B)
Class com.google.common.collect.ImmutableCollection                                   : loaded 3 times (x 127B)
Class com.google.common.collect.Iterators$5                                           : loaded 3 times (x 84B)
Class com.google.common.collect.Iterators$4                                           : loaded 3 times (x 84B)
Class com.google.common.collect.Iterators$1                                           : loaded 3 times (x 83B)
Class com.google.common.collect.Iterators$MergingIterator                             : loaded 3 times (x 83B)
Class com.google.common.collect.AbstractIndexedListIterator                           : loaded 3 times (x 98B)
Class com.google.common.collect.AbstractIterator                                      : loaded 3 times (x 84B)
Class com.google.common.collect.UnmodifiableListIterator                              : loaded 3 times (x 97B)
Class com.google.common.collect.Lists$StringAsImmutableList                           : loaded 3 times (x 209B)
Class com.google.common.collect.Iterators                                             : loaded 3 times (x 73B)
Class com.google.common.collect.Iterators$SingletonIterator                           : loaded 3 times (x 83B)
Class com.google.common.collect.UnmodifiableIterator                                  : loaded 3 times (x 82B)
Class com.google.common.collect.Iterators$ArrayItr                                    : loaded 3 times (x 99B)
Class org.gradle.internal.classloader.DefaultClassLoaderFactory                       : loaded 2 times (x 84B)
Class kotlin.collections.AbstractList$Companion                                       : loaded 2 times (x 73B)
Class [Lcom.google.common.collect.ImmutableMapEntry;                                  : loaded 2 times (x 71B)
Class com.google.common.collect.ListMultimap                                          : loaded 2 times (x 72B)
Class com.google.common.collect.ImmutableEnumMap                                      : loaded 2 times (x 128B)
Class org.gradle.tooling.internal.gradle.DefaultProjectIdentifier                     : loaded 2 times (x 88B)
Class com.google.common.collect.Sets$1                                                : loaded 2 times (x 143B)
Class org.objectweb.asm.AnnotationVisitor                                             : loaded 2 times (x 80B)
Class org.gradle.api.internal.DefaultClassPathProvider                                : loaded 2 times (x 78B)
Class com.google.common.collect.Sets$2                                                : loaded 2 times (x 143B)
Class [Lorg.gradle.api.internal.ClassPathProvider;                                    : loaded 2 times (x 71B)
Class org.gradle.api.internal.ClassPathProvider                                       : loaded 2 times (x 72B)
Class com.google.common.collect.Sets$3                                                : loaded 2 times (x 143B)
Class com.google.common.cache.LocalCache$LocalLoadingCache                            : loaded 2 times (x 136B)
Class org.gradle.internal.service.UnknownServiceException                             : loaded 2 times (x 85B)
Class com.google.common.collect.Sets$4                                                : loaded 2 times (x 143B)
Class org.objectweb.asm.ModuleVisitor                                                 : loaded 2 times (x 83B)
Class com.google.common.cache.LocalCache$Strength$1                                   : loaded 2 times (x 83B)
Class com.google.common.util.concurrent.SettableFuture                                : loaded 2 times (x 116B)
Class com.google.common.cache.LocalCache$Strength$2                                   : loaded 2 times (x 83B)
Class com.google.common.cache.LocalCache$Strength$3                                   : loaded 2 times (x 83B)
Class com.google.common.collect.MapDifference                                         : loaded 2 times (x 72B)
Class org.objectweb.asm.FieldWriter                                                   : loaded 2 times (x 79B)
Class com.google.common.cache.CacheBuilder$NullListener                               : loaded 2 times (x 84B)
Class org.gradle.internal.classpath.TransformedClassPath                              : loaded 2 times (x 98B)
Class org.gradle.internal.classloader.InstrumentingClassLoader                        : loaded 2 times (x 72B)
Class com.google.common.base.Suppliers                                                : loaded 2 times (x 73B)
Class com.google.common.cache.CacheLoader$FunctionToCacheLoader                       : loaded 2 times (x 77B)
Class com.google.common.collect.ImmutableCollection$Builder                           : loaded 2 times (x 78B)
Class kotlin.enums.EnumEntriesList                                                    : loaded 2 times (x 225B)
Class com.google.common.base.MoreObjects                                              : loaded 2 times (x 73B)
Class com.google.common.collect.Platform                                              : loaded 2 times (x 73B)
Class [Lorg.objectweb.asm.Type;                                                       : loaded 2 times (x 71B)
Class [Lcom.google.common.cache.CacheBuilder$OneWeigher;                              : loaded 2 times (x 71B)
Class org.gradle.internal.service.ServiceLocator                                      : loaded 2 times (x 72B)
Class com.google.common.base.Ascii                                                    : loaded 2 times (x 73B)
Class com.google.common.collect.SingletonImmutableBiMap                               : loaded 2 times (x 145B)
Class org.objectweb.asm.MethodTooLargeException                                       : loaded 2 times (x 84B)
Class com.google.common.cache.LocalCache$1                                            : loaded 2 times (x 91B)
Class com.google.common.collect.AbstractMapEntry                                      : loaded 2 times (x 83B)
Class jdk.internal.jrtfs.JrtFileSystemProvider                                        : loaded 2 times (x 103B)
Class com.intellij.gradle.toolingExtension.util.GradleVersionUtil                     : loaded 2 times (x 73B)
Class org.gradle.tooling.model.UnsupportedMethodException                             : loaded 2 times (x 84B)
Class com.google.common.collect.AbstractMultimap                                      : loaded 2 times (x 125B)
Class com.google.common.cache.LocalCache$2                                            : loaded 2 times (x 144B)
Class com.google.common.collect.RegularImmutableAsList                                : loaded 2 times (x 219B)
Class com.google.common.util.concurrent.AbstractFuture$Trusted                        : loaded 2 times (x 72B)
Class org.gradle.internal.operations.MultipleBuildOperationFailures                   : loaded 2 times (x 97B)
Class jdk.internal.jimage.decompressor.StringSharingDecompressorFactory               : loaded 2 times (x 76B)
Class com.google.common.util.concurrent.UncheckedExecutionException                   : loaded 2 times (x 84B)
Class org.gradle.kotlin.dsl.VersionCatalogAccessorsKt                                 : loaded 2 times (x 73B)
Class jdk.internal.jimage.ImageLocation                                               : loaded 2 times (x 92B)
Class org.objectweb.asm.ClassWriter                                                   : loaded 2 times (x 107B)
Class com.google.common.cache.CacheLoader$UnsupportedLoadingOperationException        : loaded 2 times (x 84B)
Class com.google.common.base.CharMatcher$And                                          : loaded 2 times (x 114B)
Class jdk.internal.jimage.ImageBufferCache$1                                          : loaded 2 times (x 84B)
Class org.gradle.internal.time.DefaultTimer                                           : loaded 2 times (x 82B)
Class org.objectweb.asm.FieldVisitor                                                  : loaded 2 times (x 79B)
Class com.google.common.collect.IndexedImmutableSet                                   : loaded 2 times (x 154B)
Class com.google.common.collect.ImmutableMap$1                                        : loaded 2 times (x 83B)
Class com.google.common.collect.BiMap                                                 : loaded 2 times (x 72B)
Class jdk.internal.jimage.ImageBufferCache$2                                          : loaded 2 times (x 93B)
Class org.gradle.api.internal.classpath.DefaultModuleRegistry$DefaultModule           : loaded 2 times (x 84B)
Class com.google.common.primitives.Ints                                               : loaded 2 times (x 73B)
Class org.objectweb.asm.ClassVisitor                                                  : loaded 2 times (x 90B)
Class com.google.common.math.MathPreconditions                                        : loaded 2 times (x 73B)
Class com.google.common.collect.Multiset                                              : loaded 2 times (x 72B)
Class com.google.common.collect.ArrayListMultimapGwtSerializationDependencies         : loaded 2 times (x 173B)
Class [Lorg.objectweb.asm.Symbol;                                                     : loaded 2 times (x 71B)
Class sync_studio_tooling6_8efaszdzdt8yfifwhth6hkqph                                  : loaded 2 times (x 173B)
Class org.gradle.internal.time.DefaultCountdownTimer                                  : loaded 2 times (x 90B)
Class com.google.common.collect.ImmutableMapEntrySet                                  : loaded 2 times (x 154B)
Class org.gradle.tooling.internal.gradle.DefaultBuildIdentifier                       : loaded 2 times (x 81B)
Class org.gradle.api.internal.classpath.Module                                        : loaded 2 times (x 72B)
Class com.google.common.cache.Weigher                                                 : loaded 2 times (x 72B)
Class kotlinx.coroutines.flow.Flow                                                    : loaded 2 times (x 72B)
Class ijInit1_2n4zy4c74novin1kxeep9h49n                                               : loaded 2 times (x 173B)
Class org.gradle.api.internal.classpath.UnknownModuleException                        : loaded 2 times (x 84B)
Class com.google.common.base.Stopwatch                                                : loaded 2 times (x 74B)
Class com.google.common.cache.LocalCache$Strength                                     : loaded 2 times (x 83B)
Class com.google.common.cache.Cache                                                   : loaded 2 times (x 72B)
Class jdk.internal.jimage.ImageHeader                                                 : loaded 2 times (x 73B)
Class com.google.common.util.concurrent.AbstractFuture$Cancellation                   : loaded 2 times (x 74B)
Class com.google.common.collect.ImmutableMap$Builder                                  : loaded 2 times (x 84B)
Class com.google.common.cache.RemovalListener                                         : loaded 2 times (x 72B)
Class org.gradle.tooling.internal.gradle.GradleProjectIdentity                        : loaded 2 times (x 72B)
Class org.gradle.api.internal.DefaultClassPathRegistry                                : loaded 2 times (x 78B)
Class com.google.common.primitives.IntsMethodsForWeb                                  : loaded 2 times (x 73B)
Class com.google.common.collect.Multimap                                              : loaded 2 times (x 72B)
Class org.gradle.internal.classpath.DefaultClassPath$ImmutableUniqueList              : loaded 2 times (x 201B)
Class org.gradle.api.internal.ClassPathRegistry                                       : loaded 2 times (x 72B)
Class jdk.internal.jimage.decompressor.ResourceDecompressor                           : loaded 2 times (x 72B)
Class com.google.common.collect.SingletonImmutableList                                : loaded 2 times (x 209B)
Class com.google.common.cache.CacheBuilder                                            : loaded 2 times (x 74B)
Class com.google.common.collect.ImmutableMap$MapViewOfValuesAsSingletonSets           : loaded 2 times (x 128B)
Class Settings_gradle$1                                                               : loaded 2 times (x 76B)
Class org.gradle.internal.classpath.ClassPath                                         : loaded 2 times (x 72B)
Class com.google.common.collect.ImmutableList$ReverseImmutableList                    : loaded 2 times (x 211B)
Class sync_studio_tooling6_8efaszdzdt8yfifwhth6hkqph$_run_closure1                    : loaded 2 times (x 140B)
Class org.objectweb.asm.SymbolTable$Entry                                             : loaded 2 times (x 75B)
Class org.gradle.api.internal.classpath.DefaultModuleRegistry$DefaultModuleAlias      : loaded 2 times (x 82B)
Class org.objectweb.asm.Edge                                                          : loaded 2 times (x 74B)
Class com.google.common.collect.RegularImmutableMap                                   : loaded 2 times (x 122B)
Class com.google.common.base.Suppliers$SupplierOfInstance                             : loaded 2 times (x 81B)
Class jdk.internal.jimage.ImageStringsReader                                          : loaded 2 times (x 82B)
Class org.gradle.tooling.model.Model                                                  : loaded 2 times (x 72B)
Class com.google.common.collect.SingletonImmutableSet                                 : loaded 2 times (x 148B)
Class com.google.common.cache.LocalCache$ComputingValueReference                      : loaded 2 times (x 98B)
Class com.google.common.collect.ImmutableMap$IteratorBasedImmutableMap                : loaded 2 times (x 128B)
Class kotlin.UninitializedPropertyAccessException                                     : loaded 2 times (x 84B)
Class com.google.common.cache.LocalCache$Segment                                      : loaded 2 times (x 155B)
Class kotlinx.coroutines.flow.MutableSharedFlow                                       : loaded 2 times (x 72B)
Class jdk.internal.jimage.ImageReader                                                 : loaded 2 times (x 77B)
Class com.google.common.collect.AbstractListMultimap                                  : loaded 2 times (x 173B)
Class [Lorg.objectweb.asm.SymbolTable$Entry;                                          : loaded 2 times (x 71B)
Class kotlinx.coroutines.flow.CancellableFlow                                         : loaded 2 times (x 72B)
Class com.google.common.cache.CacheLoader                                             : loaded 2 times (x 76B)
Class com.google.common.collect.ImmutableBiMap                                        : loaded 2 times (x 145B)
Class jdk.internal.jimage.ImageReader$SharedImageReader                               : loaded 2 times (x 97B)
Class org.gradle.api.internal.classpath.ModuleRegistry                                : loaded 2 times (x 72B)
Class org.gradle.internal.installation.GradleInstallation$1                           : loaded 2 times (x 77B)
Class com.google.common.collect.ImmutableSet$JdkBackedSetBuilderImpl                  : loaded 2 times (x 78B)
Class com.google.common.util.concurrent.internal.InternalFutureFailureAccess          : loaded 2 times (x 74B)
Class kotlinx.coroutines.flow.internal.AbstractSharedFlow                             : loaded 2 times (x 76B)
Class jdk.internal.jimage.decompressor.ResourceDecompressorFactory                    : loaded 2 times (x 76B)
Class ijInit1_2n4zy4c74novin1kxeep9h49n$_run_closure1                                 : loaded 2 times (x 141B)
Class com.google.common.cache.LocalCache$LocalManualCache$1                           : loaded 2 times (x 77B)
Class com.google.common.base.CharMatcher$ForPredicate                                 : loaded 2 times (x 114B)
Class com.google.common.base.CharMatcher$AnyOf                                        : loaded 2 times (x 114B)
Class com.google.common.util.concurrent.ExecutionError                                : loaded 2 times (x 84B)
Class jdk.internal.jimage.ImageReader$Node                                            : loaded 2 times (x 86B)
Class org.gradle.tooling.model.idea.BasicIdeaProject                                  : loaded 2 times (x 72B)
Class org.gradle.api.internal.classpath.DefaultModuleRegistry                         : loaded 2 times (x 86B)
Class com.google.common.collect.ImmutableList$1                                       : loaded 2 times (x 99B)
Class com.google.common.util.concurrent.ListenableFuture                              : loaded 2 times (x 72B)
Class com.google.common.cache.ReferenceEntry                                          : loaded 2 times (x 72B)
Class com.google.common.base.Converter                                                : loaded 2 times (x 92B)
Class com.google.common.collect.ImmutableSet$CachingAsList                            : loaded 2 times (x 150B)
Class jdk.internal.jimage.BasicImageReader$1                                          : loaded 2 times (x 79B)
Class com.google.common.collect.AbstractMapBasedMultimap                              : loaded 2 times (x 140B)
Class com.google.common.util.concurrent.AbstractFuture                                : loaded 2 times (x 108B)
Class com.google.common.collect.ImmutableEnumSet                                      : loaded 2 times (x 148B)
Class com.google.common.collect.ImmutableAsList                                       : loaded 2 times (x 211B)
Class com.google.common.base.FunctionalEquivalence                                    : loaded 2 times (x 85B)
Class org.objectweb.asm.RecordComponentVisitor                                        : loaded 2 times (x 79B)
Class org.gradle.internal.classloader.ClassLoaderHierarchy                            : loaded 2 times (x 72B)
Class org.gradle.tooling.model.GradleProject                                          : loaded 2 times (x 72B)
Class jdk.internal.jimage.decompressor.Decompressor                                   : loaded 2 times (x 74B)
Class org.gradle.internal.time.MonotonicClock                                         : loaded 2 times (x 79B)
Class org.gradle.internal.service.ServiceLookupException                              : loaded 2 times (x 84B)
Class [Lcom.google.common.cache.LocalCache$EntryFactory;                              : loaded 2 times (x 71B)
Class org.gradle.internal.classloader.ClassLoaderFactory                              : loaded 2 times (x 72B)
Class com.google.common.cache.LocalCache$LocalManualCache                             : loaded 2 times (x 101B)
Class com.google.common.base.CharMatcher$IsNot                                        : loaded 2 times (x 113B)
Class kotlinx.coroutines.flow.internal.FusibleFlow                                    : loaded 2 times (x 72B)
Class org.gradle.internal.service.CachingServiceLocator                               : loaded 2 times (x 84B)
Class com.google.common.math.IntMath                                                  : loaded 2 times (x 73B)
Class com.google.common.collect.ImmutableMapEntry                                     : loaded 2 times (x 87B)
Class org.gradle.internal.time.TimeSource                                             : loaded 2 times (x 72B)
Class com.google.common.base.Equivalence                                              : loaded 2 times (x 84B)
Class com.google.common.base.Function                                                 : loaded 2 times (x 72B)
Class com.google.common.collect.ImmutableMapEntry$NonTerminalImmutableMapEntry        : loaded 2 times (x 87B)
Class org.gradle.tooling.internal.gradle.GradleBuildIdentity                          : loaded 2 times (x 72B)
Class kotlin.enums.EnumEntries                                                        : loaded 2 times (x 72B)
Class com.google.common.collect.RegularImmutableList                                  : loaded 2 times (x 215B)
Class com.google.common.cache.CacheBuilder$OneWeigher                                 : loaded 2 times (x 84B)
Class org.gradle.internal.exceptions.ResolutionProvider                               : loaded 2 times (x 72B)
Class jdk.internal.jimage.ImageBufferCache                                            : loaded 2 times (x 73B)
Class jdk.internal.jrtfs.JrtPath                                                      : loaded 2 times (x 124B)
Class org.gradle.tooling.model.ProjectIdentifier                                      : loaded 2 times (x 72B)
Class org.gradle.internal.classloader.ClasspathUtil                                   : loaded 2 times (x 73B)
Class com.google.common.util.concurrent.Uninterruptibles                              : loaded 2 times (x 73B)
Class org.jetbrains.kotlin.tooling.core.HasExtras                                     : loaded 2 times (x 72B)
Class com.google.common.util.concurrent.LazyLogger                                    : loaded 2 times (x 74B)
Class com.google.common.collect.Maps                                                  : loaded 2 times (x 73B)
Class org.gradle.internal.time.TimeSource$1                                           : loaded 2 times (x 79B)
Class kotlin.jvm.internal.DefaultConstructorMarker                                    : loaded 2 times (x 73B)
Class org.gradle.api.specs.Spec                                                       : loaded 2 times (x 72B)
Class [Lcom.google.common.collect.ImmutableEntry;                                     : loaded 2 times (x 71B)
Class com.google.common.cache.LocalCache$LoadingValueReference                        : loaded 2 times (x 98B)
Class kotlinx.coroutines.internal.Symbol                                              : loaded 2 times (x 74B)
Class jdk.internal.jimage.decompressor.ResourceDecompressorRepository                 : loaded 2 times (x 73B)
Class com.intellij.gradle.toolingExtension.impl.model.utilDummyModel.DummyModel       : loaded 2 times (x 72B)
Class org.gradle.internal.time.Clock                                                  : loaded 2 times (x 72B)
Class org.gradle.tooling.model.BuildModel                                             : loaded 2 times (x 72B)
Class com.google.common.collect.Maps$8                                                : loaded 2 times (x 84B)
Class jdk.internal.jimage.ImageReader$Directory                                       : loaded 2 times (x 86B)
Class org.gradle.tooling.model.Element                                                : loaded 2 times (x 72B)
Class kotlin.collections.AbstractList                                                 : loaded 2 times (x 199B)
Class kotlin.collections.AbstractCollection                                           : loaded 2 times (x 119B)
Class com.google.common.collect.Sets$SetView                                          : loaded 2 times (x 141B)
Class com.google.common.cache.LocalCache$StrongValueReference                         : loaded 2 times (x 92B)
Class org.jetbrains.kotlin.tooling.core.Extras                                        : loaded 2 times (x 72B)
Class org.objectweb.asm.Type                                                          : loaded 2 times (x 74B)
Class org.gradle.internal.classloader.VisitableURLClassLoader$InstrumentingVisitableURLClassLoader: loaded 2 times (x 124B)
Class com.google.common.math.IntMath$1                                                : loaded 2 times (x 73B)
Class org.objectweb.asm.ByteVector                                                    : loaded 2 times (x 81B)
Class [Lcom.google.common.cache.CacheBuilder$NullListener;                            : loaded 2 times (x 71B)
Class org.gradle.internal.classloader.VisitableURLClassLoader$Spec                    : loaded 2 times (x 76B)
Class org.gradle.internal.classpath.DefaultClassPath                                  : loaded 2 times (x 92B)
Class org.objectweb.asm.Symbol                                                        : loaded 2 times (x 75B)
Class jdk.internal.jimage.decompressor.ZipDecompressorFactory                         : loaded 2 times (x 76B)
Class org.gradle.util.internal.DefaultGradleVersion                                   : loaded 2 times (x 84B)
Class com.google.common.base.CharMatcher$BitSetMatcher                                : loaded 2 times (x 114B)
Class com.google.common.collect.RegularImmutableMap$Values                            : loaded 2 times (x 209B)
Class com.google.common.collect.ImmutableSet                                          : loaded 2 times (x 147B)
Class org.gradle.internal.classloader.ClassLoaderSpec                                 : loaded 2 times (x 73B)
Class org.objectweb.asm.AnnotationWriter                                              : loaded 2 times (x 80B)
Class com.google.common.cache.CacheStats                                              : loaded 2 times (x 73B)
Class org.objectweb.asm.RecordComponentWriter                                         : loaded 2 times (x 79B)
Class com.google.common.util.concurrent.AbstractFuture$Listener                       : loaded 2 times (x 74B)
Class com.google.common.base.CharMatcher$Or                                           : loaded 2 times (x 114B)
Class Settings_gradle$1$1                                                             : loaded 2 times (x 76B)
Class org.gradle.api.internal.classpath.Module$ModuleAlias                            : loaded 2 times (x 72B)
Class org.objectweb.asm.Attribute                                                     : loaded 2 times (x 79B)
Class com.google.common.base.Supplier                                                 : loaded 2 times (x 72B)
Class org.gradle.internal.classloader.VisitableURLClassLoader                         : loaded 2 times (x 118B)
Class kotlinx.coroutines.flow.FlowCollector                                           : loaded 2 times (x 72B)
Class Settings_gradle                                                                 : loaded 2 times (x 126B)
Class jdk.internal.jimage.BasicImageReader                                            : loaded 2 times (x 97B)
Class com.google.common.base.CharMatcher$IsEither                                     : loaded 2 times (x 113B)
Class org.gradle.tooling.model.eclipse.EclipseProject                                 : loaded 2 times (x 72B)
Class com.google.common.collect.Sets                                                  : loaded 2 times (x 73B)
Class org.objectweb.asm.Handler                                                       : loaded 2 times (x 74B)
Class com.google.common.base.Ticker                                                   : loaded 2 times (x 74B)
Class com.google.common.base.CharMatcher$FastMatcher                                  : loaded 2 times (x 113B)
Class jdk.internal.jimage.decompressor.ZipDecompressor                                : loaded 2 times (x 77B)
Class [Lcom.google.common.cache.LocalCache$Segment;                                   : loaded 2 times (x 71B)
Class [Lcom.google.common.cache.LocalCache$Strength;                                  : loaded 2 times (x 71B)
Class com.google.common.cache.CacheBuilder$1                                          : loaded 2 times (x 87B)
Class com.google.common.base.Predicate                                                : loaded 2 times (x 72B)
Class com.google.common.collect.ImmutableMap                                          : loaded 2 times (x 122B)
Class org.gradle.internal.classpath.DefaultClassPath$ImmutableUniqueList$Builder      : loaded 2 times (x 77B)
Class com.google.common.cache.LocalCache                                              : loaded 2 times (x 188B)
Class com.google.common.cache.CacheBuilder$2                                          : loaded 2 times (x 81B)
Class com.google.common.base.CharMatcher$NegatedFastMatcher                           : loaded 2 times (x 115B)
Class com.google.common.collect.ArrayListMultimap                                     : loaded 2 times (x 173B)
Class com.google.common.cache.CacheBuilder$3                                          : loaded 2 times (x 74B)
Class [Lcom.google.common.collect.AbstractMapEntry;                                   : loaded 2 times (x 71B)
Class com.google.common.collect.ImmutableEntry                                        : loaded 2 times (x 84B)
Class org.gradle.internal.classloader.FilteringClassLoader                            : loaded 2 times (x 106B)
Class org.gradle.internal.exceptions.NonGradleCauseExceptionsHolder                   : loaded 2 times (x 72B)
Class com.google.common.collect.CollectPreconditions                                  : loaded 2 times (x 73B)
Class jdk.internal.jimage.ImageStrings                                                : loaded 2 times (x 72B)
Class org.gradle.tooling.model.eclipse.HierarchicalEclipseProject                     : loaded 2 times (x 72B)
Class com.google.common.collect.SortedMapDifference                                   : loaded 2 times (x 72B)
Class com.google.common.cache.LocalCache$EntryFactory                                 : loaded 2 times (x 85B)
Class com.google.common.cache.LocalCache$AbstractReferenceEntry                       : loaded 2 times (x 109B)
Class org.jetbrains.kotlin.tooling.core.HasMutableExtras                              : loaded 2 times (x 72B)
Class kotlin.NotImplementedError                                                      : loaded 2 times (x 84B)
Class kotlin.enums.EnumEntriesKt                                                      : loaded 2 times (x 73B)
Class org.objectweb.asm.SymbolTable                                                   : loaded 2 times (x 74B)
Class com.google.common.collect.ImmutableSet$RegularSetBuilderImpl                    : loaded 2 times (x 78B)
Class com.google.common.cache.CacheLoader$InvalidCacheLoadException                   : loaded 2 times (x 84B)
Class com.google.common.cache.LocalCache$StrongEntry                                  : loaded 2 times (x 110B)
Class com.google.common.util.concurrent.AbstractFuture$TrustedFuture                  : loaded 2 times (x 116B)
Class com.google.common.cache.LoadingCache                                            : loaded 2 times (x 72B)
Class org.gradle.internal.exceptions.MultiCauseException                              : loaded 2 times (x 72B)
Class org.gradle.internal.time.CountdownTimer                                         : loaded 2 times (x 72B)
Class kotlin.jvm.internal.Intrinsics                                                  : loaded 2 times (x 73B)
Class org.objectweb.asm.MethodWriter                                                  : loaded 2 times (x 107B)
Class [Lcom.google.common.cache.Weigher;                                              : loaded 2 times (x 71B)
Class com.google.common.collect.RegularImmutableMap$BucketOverflowException           : loaded 2 times (x 84B)
Class jdk.internal.jrtfs.JrtFileSystem                                                : loaded 2 times (x 104B)
Class org.gradle.tooling.model.ProjectModel                                           : loaded 2 times (x 72B)
Class org.gradle.tooling.model.gradle.GradleBuild                                     : loaded 2 times (x 72B)
Class jdk.internal.jimage.decompressor.CompressedResourceHeader                       : loaded 2 times (x 73B)
Class kotlin.KotlinNullPointerException                                               : loaded 2 times (x 84B)
Class com.google.common.collect.RegularImmutableBiMap                                 : loaded 2 times (x 150B)
Class com.google.common.cache.LocalCache$ValueReference                               : loaded 2 times (x 72B)
Class com.google.common.base.CharMatcher$Negated                                      : loaded 2 times (x 115B)
Class com.google.common.base.CharMatcher$Is                                           : loaded 2 times (x 113B)
Class org.gradle.internal.exceptions.DefaultMultiCauseException                       : loaded 2 times (x 97B)
Class com.google.common.util.concurrent.AbstractFuture$Failure                        : loaded 2 times (x 74B)
Class com.google.common.base.Equivalence$Equals                                       : loaded 2 times (x 84B)
Class com.google.common.collect.Hashing                                               : loaded 2 times (x 73B)
Class com.google.common.collect.RegularImmutableMap$KeySet                            : loaded 2 times (x 154B)
Class org.gradle.tooling.model.HierarchicalElement                                    : loaded 2 times (x 72B)
Class org.objectweb.asm.Label                                                         : loaded 2 times (x 75B)
Class org.objectweb.asm.CurrentFrame                                                  : loaded 2 times (x 75B)
Class org.objectweb.asm.ClassTooLargeException                                        : loaded 2 times (x 84B)
Class com.google.common.base.Equivalence$Identity                                     : loaded 2 times (x 84B)
Class com.google.common.base.CharMatcher                                              : loaded 2 times (x 113B)
Class org.gradle.internal.time.Time                                                   : loaded 2 times (x 73B)
Class org.objectweb.asm.Frame                                                         : loaded 2 times (x 75B)
Class org.objectweb.asm.MethodVisitor                                                 : loaded 2 times (x 107B)
Class com.google.common.cache.LocalCache$EntryFactory$1                               : loaded 2 times (x 85B)
Class [Lcom.google.common.cache.RemovalListener;                                      : loaded 2 times (x 71B)
Class com.google.common.base.CharMatcher$1                                            : loaded 2 times (x 115B)
Class com.google.common.base.CharMatcher$NamedFastMatcher                             : loaded 2 times (x 114B)
Class kotlinx.coroutines.flow.SharedFlow                                              : loaded 2 times (x 72B)
Class com.google.common.cache.LocalCache$EntryFactory$2                               : loaded 2 times (x 85B)
Class org.objectweb.asm.ModuleWriter                                                  : loaded 2 times (x 83B)
Class com.google.common.cache.LocalCache$EntryFactory$3                               : loaded 2 times (x 85B)
Class com.google.common.base.Ticker$1                                                 : loaded 2 times (x 74B)
Class com.google.common.collect.Maps$BiMapConverter                                   : loaded 2 times (x 92B)
Class com.google.common.collect.ImmutableMapEntrySet$RegularEntrySet                  : loaded 2 times (x 154B)
Class org.gradle.tooling.model.BuildIdentifier                                        : loaded 2 times (x 72B)
Class kotlin.NoWhenBranchMatchedException                                             : loaded 2 times (x 84B)
Class com.google.common.collect.ImmutableSet$Builder                                  : loaded 2 times (x 87B)
Class com.google.common.cache.LocalCache$EntryFactory$4                               : loaded 2 times (x 85B)
Class com.google.common.base.CharMatcher$InRange                                      : loaded 2 times (x 113B)
Class org.gradle.tooling.model.BuildableElement                                       : loaded 2 times (x 72B)
Class org.gradle.tooling.model.HasGradleProject                                       : loaded 2 times (x 72B)
Class com.google.common.cache.LocalCache$EntryFactory$5                               : loaded 2 times (x 85B)
Class com.google.common.cache.LocalCache$EntryFactory$6                               : loaded 2 times (x 85B)
Class Build_gradle                                                                    : loaded 2 times (x 74B)
Class org.gradle.internal.time.Timer                                                  : loaded 2 times (x 72B)
Class kotlin.jvm.internal.markers.KMappedMarker                                       : loaded 2 times (x 72B)
Class org.gradle.internal.installation.CurrentGradleInstallationLocator               : loaded 2 times (x 73B)
Class com.google.common.collect.ImmutableSet$EmptySetBuilderImpl                      : loaded 2 times (x 78B)
Class com.google.common.cache.LocalCache$EntryFactory$7                               : loaded 2 times (x 85B)
Class com.google.common.cache.CacheLoader$SupplierToCacheLoader                       : loaded 2 times (x 77B)
Class org.gradle.tooling.model.idea.IdeaProject                                       : loaded 2 times (x 72B)
Class org.gradle.internal.service.DefaultServiceLocator                               : loaded 2 times (x 85B)
Class com.google.common.collect.ImmutableSet$SetBuilderImpl                           : loaded 2 times (x 78B)
Class com.google.common.cache.LocalCache$EntryFactory$8                               : loaded 2 times (x 85B)
Class org.gradle.util.GradleVersion                                                   : loaded 2 times (x 83B)
Class org.gradle.internal.installation.CurrentGradleInstallation                      : loaded 2 times (x 75B)
Class com.google.common.collect.ImmutableList$SubList                                 : loaded 2 times (x 211B)
Class com.google.common.cache.CacheLoader$1                                           : loaded 2 times (x 77B)
Class org.gradle.tooling.model.gradle.ProjectPublications                             : loaded 2 times (x 72B)
Class org.gradle.util.internal.GUtil                                                  : loaded 2 times (x 73B)
Class com.google.common.cache.AbstractCache$StatsCounter                              : loaded 2 times (x 72B)
Class com.google.common.base.PairwiseEquivalence                                      : loaded 2 times (x 85B)
Class com.google.common.collect.RegularImmutableSet                                   : loaded 2 times (x 150B)
Class org.gradle.internal.installation.GradleInstallation                             : loaded 2 times (x 77B)
Class jdk.internal.jimage.decompressor.ResourceDecompressor$StringsProvider           : loaded 2 times (x 72B)

---------------  S Y S T E M  ---------------

OS:
 Windows 11 , 64 bit Build 26100 (10.0.26100.9444)
OS uptime: 0 days 7:15 hours

CPU: total 2 (initial active 2) (2 cores per cpu, 1 threads per core) family 23 model 32 stepping 1 microcode 0x8200103, cx8, cmov, fxsr, mmx, 3dnowpref, sse, sse2, sse3, ssse3, sse4a, sse4.1, sse4.2, popcnt, lzcnt, tsc, tscinvbit, avx, avx2, aes, clmul, bmi1, bmi2, adx, sha, fma, vzeroupper, clflush, clflushopt, rdtscp, f16c
Processor Information for the first 2 processors :
  Max Mhz: 1200, Current Mhz: 1200, Mhz Limit: 1200

Memory: 4k page, system-wide physical 3499M (76M free)
TotalPageFile size 14251M (AvailPageFile size 8M)
current process WorkingSet (physical memory assigned to process): 268M, peak: 440M
current process commit charge ("private bytes"): 1009M, peak: 1015M

vm_info: OpenJDK 64-Bit Server VM (25.0.3+-15898627-b508.16) for windows-amd64 JRE (25.0.3+-15898627-b508.16), built on 2026-07-20T17:54:23Z with MS VC++ 16.10 / 16.11 (VS2019)

END.
